{
	"credit": "Made with Blockbench",
	"parent": "item/handheld",
	"textures": {
		"layer0": "custom/items/crocodile_sword"
	},
	"display": {
		"thirdperson_righthand": {
			"rotation": [35, 90, 0],
			"translation": [0, 6.75, 1]
		},
		"thirdperson_lefthand": {
			"rotation": [35, -90, 0],
			"translation": [0, 6.75, 1]
		},
		"firstperson_righthand": {
			"rotation": [70, 90, 0],
			"translation": [2, 1, 0]
		},
		"firstperson_lefthand": {
			"rotation": [70, -90, 0],
			"translation": [2, 1, 0]
		},
		"ground": {
			"translation": [0, 7.5, 0]
		}
	}
}