{
	"credit": "Made with Blockbench",
	"texture_size": [64, 64],
	"textures": {
		"0": "custom/items/dracula_sword"
	},
	"elements": [
		{
			"from": [4, -16, 8],
			"to": [12, 7, 8],
			"rotation": {"angle": 0, "axis": "y", "origin": [8, 14, 8]},
			"faces": {
				"north": {"uv": [0, 0, 2, 5.75], "texture": "#0"},
				"east": {"uv": [0, 0, 0, 5.75], "texture": "#0"},
				"south": {"uv": [2, 0, 4, 5.75], "texture": "#0"},
				"west": {"uv": [2, 0, 2, 5.75], "texture": "#0"},
				"up": {"uv": [2, 0, 0, 0], "texture": "#0"},
				"down": {"uv": [4, 0, 2, 0], "texture": "#0"}
			}
		},
		{
			"from": [7, -11, 7],
			"to": [9, 7, 9],
			"rotation": {"angle": 0, "axis": "y", "origin": [8, 14, 8]},
			"faces": {
				"north": {"uv": [4.5, 0.5, 5, 5], "texture": "#0"},
				"east": {"uv": [4, 0.5, 4.5, 5], "texture": "#0"},
				"south": {"uv": [5.5, 0.5, 6, 5], "texture": "#0"},
				"west": {"uv": [5, 0.5, 5.5, 5], "texture": "#0"},
				"up": {"uv": [5, 0.5, 4.5, 0], "texture": "#0"},
				"down": {"uv": [5.5, 0, 5, 0.5], "texture": "#0"}
			}
		},
		{
			"from": [-10.48056, -4.48056, 6.99],
			"to": [-8.46056, -2.46056, 9.01],
			"rotation": {"angle": 45, "axis": "z", "origin": [8, 14, 8]},
			"faces": {
				"north": {"uv": [7.5, 6.25, 8, 6.75], "texture": "#0"},
				"east": {"uv": [7, 6.25, 7.5, 6.75], "texture": "#0"},
				"south": {"uv": [8.5, 6.25, 9, 6.75], "texture": "#0"},
				"west": {"uv": [8, 6.25, 8.5, 6.75], "texture": "#0"},
				"up": {"uv": [8, 6.25, 7.5, 5.75], "texture": "#0"},
				"down": {"uv": [8.5, 5.75, 8, 6.25], "texture": "#0"}
			}
		},
		{
			"from": [6.3, 6.7, 6.6],
			"to": [9.7, 11.3, 9.2],
			"rotation": {"angle": 0, "axis": "y", "origin": [8, 14, 8]},
			"faces": {
				"north": {"uv": [1.5, 8.5, 2, 9.5], "texture": "#0"},
				"east": {"uv": [1, 8.5, 1.5, 9.5], "texture": "#0"},
				"south": {"uv": [2.5, 8.5, 3, 9.5], "texture": "#0"},
				"west": {"uv": [2, 8.5, 2.5, 9.5], "texture": "#0"},
				"up": {"uv": [2, 8.5, 1.5, 8], "texture": "#0"},
				"down": {"uv": [2.5, 8, 2, 8.5], "texture": "#0"}
			}
		},
		{
			"from": [6.6, 9.25, 5.9],
			"to": [9.4, 10.75, 8.9],
			"rotation": {"angle": 0, "axis": "y", "origin": [8, 14, 8]},
			"faces": {
				"north": {"uv": [6.75, 2.75, 7.25, 3], "texture": "#0"},
				"east": {"uv": [6, 2.75, 6.75, 3], "texture": "#0"},
				"south": {"uv": [8, 2.75, 8.5, 3], "texture": "#0"},
				"west": {"uv": [7.25, 2.75, 8, 3], "texture": "#0"},
				"up": {"uv": [7.25, 2.75, 6.75, 2], "texture": "#0"},
				"down": {"uv": [7.75, 2, 7.25, 2.75], "texture": "#0"}
			}
		},
		{
			"from": [7.2, 7.2, 6.35],
			"to": [8.8, 9.8, 8.95],
			"rotation": {"angle": 0, "axis": "y", "origin": [8, 14, 8]},
			"faces": {
				"north": {"uv": [7.5, 0.5, 7.75, 1], "texture": "#0"},
				"east": {"uv": [7, 0.5, 7.5, 1], "texture": "#0"},
				"south": {"uv": [8.25, 0.5, 8.5, 1], "texture": "#0"},
				"west": {"uv": [7.75, 0.5, 8.25, 1], "texture": "#0"},
				"up": {"uv": [7.75, 0.5, 7.5, 0], "texture": "#0"},
				"down": {"uv": [8, 0, 7.75, 0.5], "texture": "#0"}
			}
		},
		{
			"from": [6.7, 5.7, 6.7],
			"to": [9.3, 10.3, 9.3],
			"rotation": {"angle": 0, "axis": "y", "origin": [8, 14, 8]},
			"faces": {
				"north": {"uv": [6.5, 3.5, 7, 4.5], "texture": "#0"},
				"east": {"uv": [6, 3.5, 6.5, 4.5], "texture": "#0"},
				"south": {"uv": [7.5, 3.5, 8, 4.5], "texture": "#0"},
				"west": {"uv": [7, 3.5, 7.5, 4.5], "texture": "#0"},
				"up": {"uv": [7, 3.5, 6.5, 3], "texture": "#0"},
				"down": {"uv": [7.5, 3, 7, 3.5], "texture": "#0"}
			}
		},
		{
			"from": [7.4, 10.2, 7.4],
			"to": [8.6, 19.4, 8.6],
			"rotation": {"angle": 0, "axis": "y", "origin": [8, 14, 8]},
			"faces": {
				"north": {"uv": [0.25, 6.75, 0.5, 9], "texture": "#0"},
				"east": {"uv": [0, 6.75, 0.25, 9], "texture": "#0"},
				"south": {"uv": [0.75, 6.75, 1, 9], "texture": "#0"},
				"west": {"uv": [0.5, 6.75, 0.75, 9], "texture": "#0"},
				"up": {"uv": [0.5, 6.75, 0.25, 6.5], "texture": "#0"},
				"down": {"uv": [0.75, 6.5, 0.5, 6.75], "texture": "#0"}
			}
		},
		{
			"from": [7.2, 18.3, 7.2],
			"to": [8.8, 19.9, 8.8],
			"rotation": {"angle": 0, "axis": "y", "origin": [8, 14, 8]},
			"faces": {
				"north": {"uv": [5.75, 0.25, 6, 0.5], "texture": "#0"},
				"east": {"uv": [5.5, 0.25, 5.75, 0.5], "texture": "#0"},
				"south": {"uv": [6.25, 0.25, 6.5, 0.5], "texture": "#0"},
				"west": {"uv": [6, 0.25, 6.25, 0.5], "texture": "#0"},
				"up": {"uv": [6, 0.25, 5.75, 0], "texture": "#0"},
				"down": {"uv": [6.25, 0, 6, 0.25], "texture": "#0"}
			}
		},
		{
			"from": [6, 2, 6],
			"to": [10, 4, 10],
			"rotation": {"angle": 0, "axis": "y", "origin": [8, 14, 8]},
			"faces": {
				"north": {"uv": [5, 6.75, 6, 7.25], "texture": "#0"},
				"east": {"uv": [4, 6.75, 5, 7.25], "texture": "#0"},
				"south": {"uv": [7, 6.75, 8, 7.25], "texture": "#0"},
				"west": {"uv": [6, 6.75, 7, 7.25], "texture": "#0"},
				"up": {"uv": [6, 6.75, 5, 5.75], "texture": "#0"},
				"down": {"uv": [7, 5.75, 6, 6.75], "texture": "#0"}
			}
		},
		{
			"from": [5.02269, 11.34358, 7.5],
			"to": [6.02269, 13.34358, 8.5],
			"rotation": {"angle": 22.5, "axis": "z", "origin": [8, 14, 8]},
			"faces": {
				"north": {"uv": [5.75, 7.5, 6, 8], "texture": "#0"},
				"east": {"uv": [5.5, 7.5, 5.75, 8], "texture": "#0"},
				"south": {"uv": [6.25, 7.5, 6.5, 8], "texture": "#0"},
				"west": {"uv": [6, 7.5, 6.25, 8], "texture": "#0"},
				"up": {"uv": [6, 7.5, 5.75, 7.25], "texture": "#0"},
				"down": {"uv": [6.25, 7.25, 6, 7.5], "texture": "#0"}
			}
		},
		{
			"from": [9.97731, 11.34358, 7.5],
			"to": [10.97731, 13.34358, 8.5],
			"rotation": {"angle": -22.5, "axis": "z", "origin": [8, 14, 8]},
			"faces": {
				"north": {"uv": [3.25, 6.75, 3.5, 7.25], "texture": "#0"},
				"east": {"uv": [3, 6.75, 3.25, 7.25], "texture": "#0"},
				"south": {"uv": [3.75, 6.75, 4, 7.25], "texture": "#0"},
				"west": {"uv": [3.5, 6.75, 3.75, 7.25], "texture": "#0"},
				"up": {"uv": [3.5, 6.75, 3.25, 6.5], "texture": "#0"},
				"down": {"uv": [3.75, 6.5, 3.5, 6.75], "texture": "#0"}
			}
		},
		{
			"from": [9.25, 10.45, 8],
			"to": [19.25, 13.45, 8],
			"rotation": {"angle": -22.5, "axis": "z", "origin": [7, 14.5, 8]},
			"faces": {
				"north": {"uv": [2.5, 5.75, 0, 6.5], "texture": "#0"},
				"east": {"uv": [2.5, 5.75, 2.5, 6.5], "texture": "#0"},
				"south": {"uv": [5, 5.75, 2.5, 6.5], "texture": "#0"},
				"west": {"uv": [0, 5.75, 0, 6.5], "texture": "#0"},
				"up": {"uv": [0, 5.75, 2.5, 5.75], "texture": "#0"},
				"down": {"uv": [2.5, 5.75, 5, 5.75], "texture": "#0"}
			}
		},
		{
			"from": [13.05, 12.25, 7.3],
			"to": [17.45, 13.65, 8.7],
			"rotation": {"angle": -22.5, "axis": "z", "origin": [7, 14.5, 8]},
			"faces": {
				"north": {"uv": [4.25, 7.5, 3.25, 7.75], "texture": "#0"},
				"east": {"uv": [4.5, 7.5, 4.25, 7.75], "texture": "#0"},
				"south": {"uv": [5.5, 7.5, 4.5, 7.75], "texture": "#0"},
				"west": {"uv": [3.25, 7.5, 3, 7.75], "texture": "#0"},
				"up": {"uv": [3.25, 7.5, 4.25, 7.25], "texture": "#0"},
				"down": {"uv": [4.25, 7.25, 5.25, 7.5], "texture": "#0"}
			}
		},
		{
			"from": [5.7409, 7.85643, 7],
			"to": [9.7409, 9.85643, 9],
			"rotation": {"angle": 22.5, "axis": "z", "origin": [7, 13.5, 8]},
			"faces": {
				"north": {"uv": [7.5, 1.5, 6.5, 2], "texture": "#0"},
				"east": {"uv": [8, 1.5, 7.5, 2], "texture": "#0"},
				"south": {"uv": [9, 1.5, 8, 2], "texture": "#0"},
				"west": {"uv": [6.5, 1.5, 6, 2], "texture": "#0"},
				"up": {"uv": [6.5, 1.5, 7.5, 1], "texture": "#0"},
				"down": {"uv": [7.5, 1, 8.5, 1.5], "texture": "#0"}
			}
		},
		{
			"from": [6.2591, 7.85643, 7],
			"to": [10.2591, 9.85643, 9],
			"rotation": {"angle": -22.5, "axis": "z", "origin": [9, 13.5, 8]},
			"faces": {
				"north": {"uv": [6.5, 1.5, 7.5, 2], "texture": "#0"},
				"east": {"uv": [6, 1.5, 6.5, 2], "texture": "#0"},
				"south": {"uv": [8, 1.5, 9, 2], "texture": "#0"},
				"west": {"uv": [7.5, 1.5, 8, 2], "texture": "#0"},
				"up": {"uv": [7.5, 1.5, 6.5, 1], "texture": "#0"},
				"down": {"uv": [8.5, 1, 7.5, 1.5], "texture": "#0"}
			}
		},
		{
			"from": [-3.25, 10.45, 8],
			"to": [6.75, 13.45, 8],
			"rotation": {"angle": 22.5, "axis": "z", "origin": [9, 14.5, 8]},
			"faces": {
				"north": {"uv": [0, 5.75, 2.5, 6.5], "texture": "#0"},
				"east": {"uv": [0, 5.75, 0, 6.5], "texture": "#0"},
				"south": {"uv": [2.5, 5.75, 5, 6.5], "texture": "#0"},
				"west": {"uv": [2.5, 5.75, 2.5, 6.5], "texture": "#0"},
				"up": {"uv": [2.5, 5.75, 0, 5.75], "texture": "#0"},
				"down": {"uv": [5, 5.75, 2.5, 5.75], "texture": "#0"}
			}
		},
		{
			"from": [-1.45, 12.25, 7.3],
			"to": [2.95, 13.65, 8.7],
			"rotation": {"angle": 22.5, "axis": "z", "origin": [9, 14.5, 8]},
			"faces": {
				"north": {"uv": [3.25, 7.5, 4.25, 7.75], "texture": "#0"},
				"east": {"uv": [3, 7.5, 3.25, 7.75], "texture": "#0"},
				"south": {"uv": [4.5, 7.5, 5.5, 7.75], "texture": "#0"},
				"west": {"uv": [4.25, 7.5, 4.5, 7.75], "texture": "#0"},
				"up": {"uv": [4.25, 7.5, 3.25, 7.25], "texture": "#0"},
				"down": {"uv": [5.25, 7.25, 4.25, 7.5], "texture": "#0"}
			}
		}
	],
	"gui_light": "front",
	"display": {
		"thirdperson_righthand": {
			"rotation": [115, -90, -65],
			"translation": [-1, 6, 2]
		},
		"thirdperson_lefthand": {
			"rotation": [115, -90, -65],
			"translation": [-1, 6, 2]
		},
		"firstperson_righthand": {
			"rotation": [0, 105, -165],
			"translation": [0, 0.25, 0.25],
			"scale": [0.7, 0.7, 0.7]
		},
		"firstperson_lefthand": {
			"rotation": [0, 105, -165],
			"translation": [0, 0.25, 0.25],
			"scale": [0.7, 0.7, 0.7]
		},
		"ground": {
			"translation": [0, 15.5, 0],
			"scale": [0.8, 0.8, 0.8]
		},
		"gui": {
			"rotation": [0, 180, 45],
			"translation": [2.75, 2.75, 0],
			"scale": [0.6, 0.6, 0.6]
		},
		"head": {
			"scale": [0, 0, 0]
		},
		"fixed": {
			"translation": [0, 6, -1.25]
		}
	},
	"groups": [
		{
			"name": "sword",
			"origin": [8, 0, 8],
			"color": 0,
			"children": [0, 1, 2, 3, 4, 5, 6, 7, 8, 9, 10, 11, 12, 13, 14, 15, 16, 17]
		}
	]
}