{
	"credit": "Made with Blockbench",
	"texture_size": [64, 64],
	"textures": {
		"0": "custom/models/safari_hat",
		"particle": "custom/models/safari_hat"
	},
	"elements": [
		{
			"from": [3, 0, 3],
			"to": [13, 4, 13],
			"rotation": {"angle": 0, "axis": "y", "origin": [2, 0, 3]},
			"faces": {
				"north": {"uv": [2.5, 0, 5, 1], "texture": "#0"},
				"east": {"uv": [2.5, 1, 5, 2], "texture": "#0"},
				"south": {"uv": [2.5, 2, 5, 3], "texture": "#0"},
				"west": {"uv": [2.5, 3, 5, 4], "texture": "#0"},
				"up": {"uv": [2.5, 2.5, 0, 0], "texture": "#0"},
				"down": {"uv": [2.5, 2.5, 0, 5], "texture": "#0"}
			}
		},
		{
			"from": [-1, 0, 4],
			"to": [3, 0, 12],
			"rotation": {"angle": 0, "axis": "y", "origin": [2, -1, 2]},
			"faces": {
				"north": {"uv": [0, 0, 1, 0], "texture": "#0"},
				"east": {"uv": [0, 0, 2, 0], "texture": "#0"},
				"south": {"uv": [0, 0, 1, 0], "texture": "#0"},
				"west": {"uv": [0, 0, 2, 0], "texture": "#0"},
				"up": {"uv": [3.5, 6, 2.5, 4], "texture": "#0"},
				"down": {"uv": [4.5, 4, 3.5, 6], "texture": "#0"}
			}
		},
		{
			"from": [13, 0, 4],
			"to": [17, 0, 12],
			"rotation": {"angle": 0, "axis": "y", "origin": [15, -1, 2]},
			"faces": {
				"north": {"uv": [0, 0, 1, 0], "texture": "#0"},
				"east": {"uv": [0, 0, 2, 0], "texture": "#0"},
				"south": {"uv": [0, 0, 1, 0], "texture": "#0"},
				"west": {"uv": [0, 0, 2, 0], "texture": "#0"},
				"up": {"uv": [6, 2, 5, 0], "texture": "#0"},
				"down": {"uv": [6, 2, 5, 4], "texture": "#0"}
			}
		},
		{
			"from": [4, 0, -1],
			"to": [12, 0, 3],
			"rotation": {"angle": 0, "axis": "y", "origin": [1, -1, -12]},
			"faces": {
				"north": {"uv": [0, 0, 2, 0], "texture": "#0"},
				"east": {"uv": [0, 0, 1, 0], "texture": "#0"},
				"south": {"uv": [0, 0, 2, 0], "texture": "#0"},
				"west": {"uv": [0, 0, 1, 0], "texture": "#0"},
				"up": {"uv": [6.5, 5, 4.5, 4], "texture": "#0"},
				"down": {"uv": [2, 5, 0, 6], "texture": "#0"}
			}
		},
		{
			"from": [4, 0, 13],
			"to": [12, 0, 17],
			"rotation": {"angle": 0, "axis": "y", "origin": [1, -1, 1]},
			"faces": {
				"north": {"uv": [0, 0, 2, 0], "texture": "#0"},
				"east": {"uv": [0, 0, 1, 0], "texture": "#0"},
				"south": {"uv": [0, 0, 2, 0], "texture": "#0"},
				"west": {"uv": [0, 0, 1, 0], "texture": "#0"},
				"up": {"uv": [6.5, 6, 4.5, 5], "texture": "#0"},
				"down": {"uv": [2, 6, 0, 7], "texture": "#0"}
			}
		},
		{
			"from": [12, 0, 13],
			"to": [13, 0, 16],
			"rotation": {"angle": 0, "axis": "y", "origin": [12, -1, 1]},
			"faces": {
				"north": {"uv": [0, 0, 0.25, 0], "texture": "#0"},
				"east": {"uv": [0, 0, 0.75, 0], "texture": "#0"},
				"south": {"uv": [0, 0, 0.25, 0], "texture": "#0"},
				"west": {"uv": [0, 0, 0.75, 0], "texture": "#0"},
				"up": {"uv": [3, 7, 2.75, 6.25], "texture": "#0"},
				"down": {"uv": [6.5, 2.75, 6.25, 3.5], "texture": "#0"}
			}
		},
		{
			"from": [13, 0, 12],
			"to": [14, 0, 16],
			"rotation": {"angle": 0, "axis": "y", "origin": [13, -1, 2]},
			"faces": {
				"north": {"uv": [0, 0, 0.25, 0], "texture": "#0"},
				"east": {"uv": [0, 0, 1, 0], "texture": "#0"},
				"south": {"uv": [0, 0, 0.25, 0], "texture": "#0"},
				"west": {"uv": [0, 0, 1, 0], "texture": "#0"},
				"up": {"uv": [6.25, 3.75, 6, 2.75], "texture": "#0"},
				"down": {"uv": [5.5, 6, 5.25, 7], "texture": "#0"}
			}
		},
		{
			"from": [14, 0, 12],
			"to": [15, 0, 15],
			"rotation": {"angle": 0, "axis": "y", "origin": [14, -1, 2]},
			"faces": {
				"north": {"uv": [0, 0, 0.25, 0], "texture": "#0"},
				"east": {"uv": [0, 0, 0.75, 0], "texture": "#0"},
				"south": {"uv": [0, 0, 0.25, 0], "texture": "#0"},
				"west": {"uv": [0, 0, 0.75, 0], "texture": "#0"},
				"up": {"uv": [3.25, 7, 3, 6.25], "texture": "#0"},
				"down": {"uv": [3.5, 6.25, 3.25, 7], "texture": "#0"}
			}
		},
		{
			"from": [15, 0, 12],
			"to": [16, 0, 14],
			"rotation": {"angle": 0, "axis": "y", "origin": [15, -1, 2]},
			"faces": {
				"north": {"uv": [0, 0, 0.25, 0], "texture": "#0"},
				"east": {"uv": [0, 0, 0.5, 0], "texture": "#0"},
				"south": {"uv": [0, 0, 0.25, 0], "texture": "#0"},
				"west": {"uv": [0, 0, 0.5, 0], "texture": "#0"},
				"up": {"uv": [6.75, 2, 6.5, 1.5], "texture": "#0"},
				"down": {"uv": [6.75, 2.75, 6.5, 3.25], "texture": "#0"}
			}
		},
		{
			"from": [15, 0, 2],
			"to": [16, 0, 4],
			"rotation": {"angle": 0, "axis": "y", "origin": [15, -1, -8]},
			"faces": {
				"north": {"uv": [0, 0, 0.25, 0], "texture": "#0"},
				"east": {"uv": [0, 0, 0.5, 0], "texture": "#0"},
				"south": {"uv": [0, 0, 0.25, 0], "texture": "#0"},
				"west": {"uv": [0, 0, 0.5, 0], "texture": "#0"},
				"up": {"uv": [6.75, 4.5, 6.5, 4], "texture": "#0"},
				"down": {"uv": [4.75, 6.5, 4.5, 7], "texture": "#0"}
			}
		},
		{
			"from": [14, 0, 1],
			"to": [15, 0, 4],
			"rotation": {"angle": 0, "axis": "y", "origin": [14, -1, -9]},
			"faces": {
				"north": {"uv": [0, 0, 0.25, 0], "texture": "#0"},
				"east": {"uv": [0, 0, 0.75, 0], "texture": "#0"},
				"south": {"uv": [0, 0, 0.25, 0], "texture": "#0"},
				"west": {"uv": [0, 0, 0.75, 0], "texture": "#0"},
				"up": {"uv": [4.25, 7, 4, 6.25], "texture": "#0"},
				"down": {"uv": [4.5, 6.25, 4.25, 7], "texture": "#0"}
			}
		},
		{
			"from": [12, 0, 0],
			"to": [13, 0, 3],
			"rotation": {"angle": 0, "axis": "y", "origin": [12, -1, -12]},
			"faces": {
				"north": {"uv": [0, 0, 0.25, 0], "texture": "#0"},
				"east": {"uv": [0, 0, 0.75, 0], "texture": "#0"},
				"south": {"uv": [0, 0, 0.25, 0], "texture": "#0"},
				"west": {"uv": [0, 0, 0.75, 0], "texture": "#0"},
				"up": {"uv": [3.75, 7, 3.5, 6.25], "texture": "#0"},
				"down": {"uv": [4, 6.25, 3.75, 7], "texture": "#0"}
			}
		},
		{
			"from": [13, 0, 0],
			"to": [14, 0, 4],
			"rotation": {"angle": 0, "axis": "y", "origin": [13, -1, -10]},
			"faces": {
				"north": {"uv": [0, 0, 0.25, 0], "texture": "#0"},
				"east": {"uv": [0, 0, 1, 0], "texture": "#0"},
				"south": {"uv": [0, 0, 0.25, 0], "texture": "#0"},
				"west": {"uv": [0, 0, 1, 0], "texture": "#0"},
				"up": {"uv": [5.75, 7, 5.5, 6], "texture": "#0"},
				"down": {"uv": [6, 6, 5.75, 7], "texture": "#0"}
			}
		},
		{
			"from": [1, 0, 1],
			"to": [4, 0, 2],
			"rotation": {"angle": 0, "axis": "y", "origin": [3, -1, -10]},
			"faces": {
				"north": {"uv": [0, 0, 0.75, 0], "texture": "#0"},
				"east": {"uv": [0, 0, 0.25, 0], "texture": "#0"},
				"south": {"uv": [0, 0, 0.75, 0], "texture": "#0"},
				"west": {"uv": [0, 0, 0.25, 0], "texture": "#0"},
				"up": {"uv": [7, 3.75, 6.25, 3.5], "texture": "#0"},
				"down": {"uv": [5.25, 6.25, 4.5, 6.5], "texture": "#0"}
			}
		},
		{
			"from": [2, 0, 0],
			"to": [4, 0, 1],
			"rotation": {"angle": 0, "axis": "y", "origin": [3, -1, -11]},
			"faces": {
				"north": {"uv": [0, 0, 0.5, 0], "texture": "#0"},
				"east": {"uv": [0, 0, 0.25, 0], "texture": "#0"},
				"south": {"uv": [0, 0, 0.5, 0], "texture": "#0"},
				"west": {"uv": [0, 0, 0.25, 0], "texture": "#0"},
				"up": {"uv": [7, 3.5, 6.5, 3.25], "texture": "#0"},
				"down": {"uv": [7, 5, 6.5, 5.25], "texture": "#0"}
			}
		},
		{
			"from": [0, 0, 3],
			"to": [3, 0, 4],
			"rotation": {"angle": 0, "axis": "y", "origin": [0, -1, -11]},
			"faces": {
				"north": {"uv": [0, 0, 0.75, 0], "texture": "#0"},
				"east": {"uv": [0, 0, 0.25, 0], "texture": "#0"},
				"south": {"uv": [0, 0, 0.75, 0], "texture": "#0"},
				"west": {"uv": [0, 0, 0.25, 0], "texture": "#0"},
				"up": {"uv": [7, 2.25, 6.25, 2], "texture": "#0"},
				"down": {"uv": [7, 2.25, 6.25, 2.5], "texture": "#0"}
			}
		},
		{
			"from": [0, 0, 2],
			"to": [4, 0, 3],
			"rotation": {"angle": 0, "axis": "y", "origin": [1, -1, -10]},
			"faces": {
				"north": {"uv": [0, 0, 1, 0], "texture": "#0"},
				"east": {"uv": [0, 0, 0.25, 0], "texture": "#0"},
				"south": {"uv": [0, 0, 1, 0], "texture": "#0"},
				"west": {"uv": [0, 0, 0.25, 0], "texture": "#0"},
				"up": {"uv": [7, 4, 6, 3.75], "texture": "#0"},
				"down": {"uv": [7, 6, 6, 6.25], "texture": "#0"}
			}
		},
		{
			"from": [0, 0, 12],
			"to": [1, 0, 14],
			"rotation": {"angle": 0, "axis": "y", "origin": [0, -1, 2]},
			"faces": {
				"north": {"uv": [0, 0, 0.25, 0], "texture": "#0"},
				"east": {"uv": [0, 0, 0.5, 0], "texture": "#0"},
				"south": {"uv": [0, 0, 0.25, 0], "texture": "#0"},
				"west": {"uv": [0, 0, 0.5, 0], "texture": "#0"},
				"up": {"uv": [6.75, 5, 6.5, 4.5], "texture": "#0"},
				"down": {"uv": [5, 6.5, 4.75, 7], "texture": "#0"}
			}
		},
		{
			"from": [1, 0, 12],
			"to": [2, 0, 15],
			"rotation": {"angle": 0, "axis": "y", "origin": [1, -1, 2]},
			"faces": {
				"north": {"uv": [0, 0, 0.25, 0], "texture": "#0"},
				"east": {"uv": [0, 0, 0.75, 0], "texture": "#0"},
				"south": {"uv": [0, 0, 0.25, 0], "texture": "#0"},
				"west": {"uv": [0, 0, 0.75, 0], "texture": "#0"},
				"up": {"uv": [6.75, 0.75, 6.5, 0], "texture": "#0"},
				"down": {"uv": [6.75, 0.75, 6.5, 1.5], "texture": "#0"}
			}
		},
		{
			"from": [3, 0, 13],
			"to": [4, 0, 16],
			"rotation": {"angle": 0, "axis": "y", "origin": [3, -1, 1]},
			"faces": {
				"north": {"uv": [0, 0, 0.25, 0], "texture": "#0"},
				"east": {"uv": [0, 0, 0.75, 0], "texture": "#0"},
				"south": {"uv": [0, 0, 0.25, 0], "texture": "#0"},
				"west": {"uv": [0, 0, 0.75, 0], "texture": "#0"},
				"up": {"uv": [6.25, 7, 6, 6.25], "texture": "#0"},
				"down": {"uv": [6.5, 6.25, 6.25, 7], "texture": "#0"}
			}
		},
		{
			"from": [2, 0, 12],
			"to": [3, 0, 16],
			"rotation": {"angle": 0, "axis": "y", "origin": [2, -1, 2]},
			"faces": {
				"north": {"uv": [0, 0, 0.25, 0], "texture": "#0"},
				"east": {"uv": [0, 0, 1, 0], "texture": "#0"},
				"south": {"uv": [0, 0, 0.25, 0], "texture": "#0"},
				"west": {"uv": [0, 0, 1, 0], "texture": "#0"},
				"up": {"uv": [6.5, 1, 6.25, 0], "texture": "#0"},
				"down": {"uv": [6.5, 1, 6.25, 2], "texture": "#0"}
			}
		},
		{
			"from": [3.1, -2.99908, 9.00038],
			"to": [3.1, 5.00092, 10.00038],
			"rotation": {"angle": 22.5, "axis": "x", "origin": [2.1, 5.00092, -1.99962]},
			"faces": {
				"north": {"uv": [0, 0, 0, 2.5], "texture": "#0"},
				"east": {"uv": [2, 5, 2.25, 7.5], "texture": "#0"},
				"south": {"uv": [0, 0, 0, 2.5], "texture": "#0"},
				"west": {"uv": [2.25, 5, 2.5, 7], "texture": "#0"},
				"up": {"uv": [0, 0.25, 0, 0], "texture": "#0"},
				"down": {"uv": [0, 0, 0, 0.25], "texture": "#0"}
			}
		},
		{
			"from": [3.1, -3, 9],
			"to": [12.9, -3, 10],
			"rotation": {"angle": 22.5, "axis": "x", "origin": [2.1, 5, -2]},
			"faces": {
				"north": {"uv": [0, 0, 2.5, 0], "texture": "#0"},
				"east": {"uv": [0, 0, 0.25, 0], "texture": "#0"},
				"south": {"uv": [0, 0, 2.5, 0], "texture": "#0"},
				"west": {"uv": [0, 0, 0.25, 0], "texture": "#0"},
				"up": {"uv": [8.5, 2.75, 6, 2.5], "texture": "#0"},
				"down": {"uv": [5.25, 6, 2.75, 6.25], "texture": "#0"}
			}
		},
		{
			"from": [12.899, -3, 9],
			"to": [12.899, 5, 10],
			"rotation": {"angle": 22.5, "axis": "x", "origin": [11.899, 5, -2]},
			"faces": {
				"north": {"uv": [0, 0, 0, 2.5], "texture": "#0"},
				"east": {"uv": [6, 0, 6.25, 2.5], "texture": "#0"},
				"south": {"uv": [0, 0, 0, 2.5], "texture": "#0"},
				"west": {"uv": [2.5, 6, 2.75, 8], "texture": "#0"},
				"up": {"uv": [0, 0.25, 0, 0], "texture": "#0"},
				"down": {"uv": [0, 0, 0, 0.25], "texture": "#0"}
			}
		}
	],
	"display": {
		"thirdperson_righthand": {
			"translation": [0, 7, 0],
			"scale": [0.8, 0.8, 0.8]
		},
		"thirdperson_lefthand": {
			"translation": [0, 7, 0],
			"scale": [0.8, 0.8, 0.8]
		},
		"firstperson_righthand": {
			"rotation": [0, -65, 0],
			"translation": [0, 8, -4.75]
		},
		"firstperson_lefthand": {
			"rotation": [0, -65, 0],
			"translation": [0, 8, -4.75]
		},
		"ground": {
			"translation": [0, 14.5, 0]
		},
		"gui": {
			"rotation": [50, 30, 0],
			"translation": [0, 4, 0],
			"scale": [0.8, 0.8, 0.8]
		},
		"head": {
			"translation": [0, 14.5, 0],
			"scale": [1.5, 1.5, 1.5]
		},
		"fixed": {
			"translation": [0, 9.5, 0]
		}
	},
	"groups": [
		{
			"name": "group",
			"origin": [1, 0, 2],
			"color": 0,
			"children": [0]
		},
		{
			"name": "group",
			"origin": [0, -1, -12],
			"color": 0,
			"children": [1, 2, 3, 4, 5, 6, 7, 8, 9, 10, 11, 12, 13, 14, 15, 16, 17, 18, 19, 20]
		},
		{
			"name": "group",
			"origin": [11, -2, -3],
			"color": 0,
			"children": [21, 22, 23]
		}
	]
}