{
	"credit": "Made with Blockbench",
	"texture_size": [64, 64],
	"textures": {
		"0": "item/blaze_powder/chess_king_black",
		"particle": "item/blaze_powder/chess_king_black"
	},
	"elements": [
		{
			"from": [3, 0, 3],
			"to": [13, 2, 13],
			"rotation": {"angle": 0, "axis": "y", "origin": [8, 0, 7]},
			"faces": {
				"north": {"uv": [7.25, 9, 9.75, 9.5], "texture": "#0"},
				"east": {"uv": [2.5, 9.25, 5, 9.75], "texture": "#0"},
				"south": {"uv": [9.5, 1.25, 12, 1.75], "texture": "#0"},
				"west": {"uv": [9.5, 1.75, 12, 2.25], "texture": "#0"},
				"up": {"uv": [2.5, 2.5, 0, 0], "texture": "#0"},
				"down": {"uv": [2.5, 2.5, 0, 5], "texture": "#0"}
			}
		},
		{
			"from": [4, 2, 4],
			"to": [12, 4, 12],
			"rotation": {"angle": 0, "axis": "y", "origin": [8, 2, 7]},
			"faces": {
				"north": {"uv": [9.5, 6, 11.5, 6.5], "texture": "#0"},
				"east": {"uv": [6.5, 9.5, 8.5, 10], "texture": "#0"},
				"south": {"uv": [9.5, 6.5, 11.5, 7], "texture": "#0"},
				"west": {"uv": [9.5, 7, 11.5, 7.5], "texture": "#0"},
				"up": {"uv": [8, 4.25, 6, 2.25], "texture": "#0"},
				"down": {"uv": [8, 4.25, 6, 6.25], "texture": "#0"}
			}
		},
		{
			"from": [3.5, 20, 3.5],
			"to": [12.5, 22, 12.5],
			"rotation": {"angle": 0, "axis": "y", "origin": [8, 20, 7]},
			"faces": {
				"north": {"uv": [2.5, 8.75, 4.75, 9.25], "texture": "#0"},
				"east": {"uv": [9.5, 2.25, 11.75, 2.75], "texture": "#0"},
				"south": {"uv": [9.5, 2.75, 11.75, 3.25], "texture": "#0"},
				"west": {"uv": [9.5, 3.25, 11.75, 3.75], "texture": "#0"},
				"up": {"uv": [4.75, 2.25, 2.5, 0], "texture": "#0"},
				"down": {"uv": [4.75, 2.25, 2.5, 4.5], "texture": "#0"}
			}
		},
		{
			"from": [3.5, 26, 3.5],
			"to": [12.5, 27, 12.5],
			"rotation": {"angle": 0, "axis": "y", "origin": [8, 26, 7]},
			"faces": {
				"north": {"uv": [9.5, 7.5, 11.75, 7.75], "texture": "#0"},
				"east": {"uv": [9.5, 7.75, 11.75, 8], "texture": "#0"},
				"south": {"uv": [9.5, 8, 11.75, 8.25], "texture": "#0"},
				"west": {"uv": [9.5, 8.25, 11.75, 8.5], "texture": "#0"},
				"up": {"uv": [4.75, 6.75, 2.5, 4.5], "texture": "#0"},
				"down": {"uv": [7, 0, 4.75, 2.25], "texture": "#0"}
			}
		},
		{
			"from": [5.5, 27, 5.5],
			"to": [10.5, 28, 10.5],
			"rotation": {"angle": 0, "axis": "y", "origin": [5, 27, 10.5]},
			"faces": {
				"north": {"uv": [0.5, 10, 1.75, 10.25], "texture": "#0"},
				"east": {"uv": [1.75, 10, 3, 10.25], "texture": "#0"},
				"south": {"uv": [3, 10, 4.25, 10.25], "texture": "#0"},
				"west": {"uv": [6.5, 10, 7.75, 10.25], "texture": "#0"},
				"up": {"uv": [7.25, 9.5, 6, 8.25], "texture": "#0"},
				"down": {"uv": [1.25, 8.5, 0, 9.75], "texture": "#0"}
			}
		},
		{
			"from": [7, 28, 7],
			"to": [9, 32, 9],
			"rotation": {"angle": 0, "axis": "y", "origin": [5, 28, 10.5]},
			"faces": {
				"north": {"uv": [8.5, 9.5, 9, 10.5], "texture": "#0"},
				"east": {"uv": [9, 9.5, 9.5, 10.5], "texture": "#0"},
				"south": {"uv": [9.5, 9.5, 10, 10.5], "texture": "#0"},
				"west": {"uv": [0, 9.75, 0.5, 10.75], "texture": "#0"},
				"up": {"uv": [7.5, 2, 7, 1.5], "texture": "#0"},
				"down": {"uv": [8, 1.5, 7.5, 2], "texture": "#0"}
			}
		},
		{
			"from": [6, 30, 7],
			"to": [7, 31, 9],
			"rotation": {"angle": 0, "axis": "y", "origin": [3, 29, 10.5]},
			"faces": {
				"north": {"uv": [7.75, 8.25, 8, 8.5], "texture": "#0"},
				"east": {"uv": [7, 2, 7.5, 2.25], "texture": "#0"},
				"south": {"uv": [7.25, 8.5, 7.5, 8.75], "texture": "#0"},
				"west": {"uv": [7.5, 2, 8, 2.25], "texture": "#0"},
				"up": {"uv": [4.75, 7.25, 4.5, 6.75], "texture": "#0"},
				"down": {"uv": [4.75, 7.25, 4.5, 7.75], "texture": "#0"}
			}
		},
		{
			"from": [9, 30, 7],
			"to": [10, 31, 9],
			"rotation": {"angle": 0, "axis": "y", "origin": [6, 29, 10.5]},
			"faces": {
				"north": {"uv": [7.5, 8.5, 7.75, 8.75], "texture": "#0"},
				"east": {"uv": [7.25, 8.25, 7.75, 8.5], "texture": "#0"},
				"south": {"uv": [7.75, 8.5, 8, 8.75], "texture": "#0"},
				"west": {"uv": [8.5, 1.25, 9, 1.5], "texture": "#0"},
				"up": {"uv": [4.75, 8.25, 4.5, 7.75], "texture": "#0"},
				"down": {"uv": [4.75, 8.25, 4.5, 8.75], "texture": "#0"}
			}
		},
		{
			"from": [5, 4, 5],
			"to": [11, 5, 11],
			"rotation": {"angle": 0, "axis": "y", "origin": [8, 4, 7]},
			"faces": {
				"north": {"uv": [0.5, 9.75, 2, 10], "texture": "#0"},
				"east": {"uv": [9.75, 0.5, 11.25, 0.75], "texture": "#0"},
				"south": {"uv": [9.75, 0.75, 11.25, 1], "texture": "#0"},
				"west": {"uv": [9.75, 1, 11.25, 1.25], "texture": "#0"},
				"up": {"uv": [8.5, 1.5, 7, 0], "texture": "#0"},
				"down": {"uv": [9.5, 1.5, 8, 3], "texture": "#0"}
			}
		},
		{
			"from": [5, 19, 5],
			"to": [11, 20, 11],
			"rotation": {"angle": 0, "axis": "y", "origin": [8, 19, 7]},
			"faces": {
				"north": {"uv": [2, 9.75, 3.5, 10], "texture": "#0"},
				"east": {"uv": [3.5, 9.75, 5, 10], "texture": "#0"},
				"south": {"uv": [9.75, 9, 11.25, 9.25], "texture": "#0"},
				"west": {"uv": [9.75, 9.25, 11.25, 9.5], "texture": "#0"},
				"up": {"uv": [9.5, 4.5, 8, 3], "texture": "#0"},
				"down": {"uv": [9.5, 4.5, 8, 6], "texture": "#0"}
			}
		},
		{
			"from": [4, 22, 4],
			"to": [12, 23, 12],
			"rotation": {"angle": 0, "axis": "y", "origin": [8, 23, 7]},
			"faces": {
				"north": {"uv": [9.5, 8.5, 11.5, 8.75], "texture": "#0"},
				"east": {"uv": [9.5, 8.75, 11.5, 9], "texture": "#0"},
				"south": {"uv": [9.75, 0, 11.75, 0.25], "texture": "#0"},
				"west": {"uv": [9.75, 0.25, 11.75, 0.5], "texture": "#0"},
				"up": {"uv": [8, 8.25, 6, 6.25], "texture": "#0"},
				"down": {"uv": [4.5, 6.75, 2.5, 8.75], "texture": "#0"}
			}
		},
		{
			"from": [5, 23, 5],
			"to": [11, 26, 11],
			"rotation": {"angle": 0, "axis": "y", "origin": [8, 24, 7]},
			"faces": {
				"north": {"uv": [9.5, 3.75, 11, 4.5], "texture": "#0"},
				"east": {"uv": [9.5, 4.5, 11, 5.25], "texture": "#0"},
				"south": {"uv": [5, 9.5, 6.5, 10.25], "texture": "#0"},
				"west": {"uv": [9.5, 5.25, 11, 6], "texture": "#0"},
				"up": {"uv": [9.5, 7.5, 8, 6], "texture": "#0"},
				"down": {"uv": [9.5, 7.5, 8, 9], "texture": "#0"}
			}
		},
		{
			"from": [5.3, 5, 5.3],
			"to": [10.7, 19, 10.7],
			"rotation": {"angle": 0, "axis": "y", "origin": [8, 5, 7]},
			"faces": {
				"north": {"uv": [4.75, 2.25, 6, 5.75], "texture": "#0"},
				"east": {"uv": [0, 5, 1.25, 8.5], "texture": "#0"},
				"south": {"uv": [1.25, 5, 2.5, 8.5], "texture": "#0"},
				"west": {"uv": [4.75, 5.75, 6, 9.25], "texture": "#0"},
				"up": {"uv": [9.75, 1.25, 8.5, 0], "texture": "#0"},
				"down": {"uv": [2.5, 8.5, 1.25, 9.75], "texture": "#0"}
			}
		}
	],
	"display": {
		"head": {
			"scale": [3, 3, 3]
		}
	},
	"groups": [
		{
			"name": "group",
			"origin": [8, 8, 8],
			"color": 0,
			"children": [0, 1, 2, 3, 4, 5, 6, 7, 8, 9, 10, 11, 12]
		}
	]
}