{
	"credit": "Made with Blockbench",
	"texture_size": [256, 256],
	"textures": {
		"0": "custom/items/miner_wrath_texture"
	},
	"elements": [
		{
			"from": [7.336, 0.348, -7.38],
			"to": [8.744, 1.756, 20.78],
			"rotation": {"angle": 0, "axis": "y", "origin": [8.04, -0.1, 20.076]},
			"faces": {
				"north": {"uv": [2.5, 2.5, 2.625, 2.625], "texture": "#0"},
				"east": {"uv": [0, 2.5, 2.5, 2.625], "texture": "#0"},
				"south": {"uv": [5.125, 2.5, 5.25, 2.625], "texture": "#0"},
				"west": {"uv": [2.625, 2.5, 5.125, 2.625], "texture": "#0"},
				"up": {"uv": [2.625, 2.5, 2.5, 0], "texture": "#0"},
				"down": {"uv": [2.75, 0, 2.625, 2.5], "texture": "#0"}
			}
		},
		{
			"from": [6.984, -0.004, -6.676],
			"to": [9.096, 2.108, 1.068],
			"rotation": {"angle": 0, "axis": "y", "origin": [8.04, -0.1, 14.444]},
			"faces": {
				"north": {"uv": [7.875, 2.375, 8.0625, 2.5625], "texture": "#0"},
				"east": {"uv": [7.1875, 2.375, 7.875, 2.5625], "texture": "#0"},
				"south": {"uv": [8.75, 2.375, 8.9375, 2.5625], "texture": "#0"},
				"west": {"uv": [8.0625, 2.375, 8.75, 2.5625], "texture": "#0"},
				"up": {"uv": [8.0625, 2.375, 7.875, 1.6875], "texture": "#0"},
				"down": {"uv": [8.25, 1.6875, 8.0625, 2.375], "texture": "#0"}
			}
		},
		{
			"from": [9.096, 0.348, -5.268],
			"to": [14.728, 1.756, -3.156],
			"rotation": {"angle": 0, "axis": "y", "origin": [8.04, -0.1, 14.444]},
			"faces": {
				"north": {"uv": [5.8125, 7.1875, 6.3125, 7.3125], "texture": "#0"},
				"east": {"uv": [5.625, 7.1875, 5.8125, 7.3125], "texture": "#0"},
				"south": {"uv": [6.5, 7.1875, 7, 7.3125], "texture": "#0"},
				"west": {"uv": [6.3125, 7.1875, 6.5, 7.3125], "texture": "#0"},
				"up": {"uv": [6.3125, 7.1875, 5.8125, 7], "texture": "#0"},
				"down": {"uv": [6.8125, 7, 6.3125, 7.1875], "texture": "#0"}
			}
		},
		{
			"from": [1.352, 0.348, -5.268],
			"to": [6.984, 1.756, -3.156],
			"rotation": {"angle": 0, "axis": "y", "origin": [8.04, -0.1, 14.444]},
			"faces": {
				"north": {"uv": [5.8125, 7.1875, 6.3125, 7.3125], "texture": "#0"},
				"east": {"uv": [5.625, 7.1875, 5.8125, 7.3125], "texture": "#0"},
				"south": {"uv": [6.5, 7.1875, 7, 7.3125], "texture": "#0"},
				"west": {"uv": [6.3125, 7.1875, 6.5, 7.3125], "texture": "#0"},
				"up": {"uv": [6.3125, 7.1875, 5.8125, 7], "texture": "#0"},
				"down": {"uv": [6.8125, 7, 6.3125, 7.1875], "texture": "#0"}
			}
		},
		{
			"from": [14.728, -0.004, -5.268],
			"to": [17.544, 2.108, -1.748],
			"rotation": {"angle": -22.5, "axis": "y", "origin": [14.728, 9.052, -5.268]},
			"faces": {
				"north": {"uv": [3.8125, 9.25, 4.0625, 9.4375], "texture": "#0"},
				"east": {"uv": [3.5, 9.25, 3.8125, 9.4375], "texture": "#0"},
				"south": {"uv": [4.375, 9.25, 4.625, 9.4375], "texture": "#0"},
				"west": {"uv": [4.0625, 9.25, 4.375, 9.4375], "texture": "#0"},
				"up": {"uv": [4.0625, 9.25, 3.8125, 8.9375], "texture": "#0"},
				"down": {"uv": [4.3125, 8.9375, 4.0625, 9.25], "texture": "#0"}
			}
		},
		{
			"from": [16.664, 0.348, -4.388],
			"to": [23.704, 1.756, -2.98],
			"rotation": {"angle": -45, "axis": "y", "origin": [16.664, 9.052, -4.564]},
			"faces": {
				"north": {"uv": [5.5625, 0.125, 6.1875, 0.25], "texture": "#0"},
				"east": {"uv": [5.4375, 0.125, 5.5625, 0.25], "texture": "#0"},
				"south": {"uv": [6.3125, 0.125, 6.9375, 0.25], "texture": "#0"},
				"west": {"uv": [6.1875, 0.125, 6.3125, 0.25], "texture": "#0"},
				"up": {"uv": [6.1875, 0.125, 5.5625, 0], "texture": "#0"},
				"down": {"uv": [6.8125, 0, 6.1875, 0.125], "texture": "#0"}
			}
		},
		{
			"from": [9.086, 0.69, -2.814],
			"to": [14.738, 1.414, -2.09],
			"rotation": {"angle": 0, "axis": "y", "origin": [8.04, 0.252, 14.444]},
			"faces": {
				"north": {"uv": [1.75, 6.0625, 2.25, 6.125], "texture": "#0"},
				"east": {"uv": [1.6875, 6.0625, 1.75, 6.125], "texture": "#0"},
				"south": {"uv": [2.3125, 6.0625, 2.8125, 6.125], "texture": "#0"},
				"west": {"uv": [2.25, 6.0625, 2.3125, 6.125], "texture": "#0"},
				"up": {"uv": [2.25, 6.0625, 1.75, 6], "texture": "#0"},
				"down": {"uv": [2.75, 6, 2.25, 6.0625], "texture": "#0"}
			}
		},
		{
			"from": [15.96, 0.7, -1.924],
			"to": [20, 1.404, -1.22],
			"rotation": {"angle": -22.5, "axis": "y", "origin": [15.96, 9.052, -1.22]},
			"faces": {
				"north": {"uv": [5.0625, 1.5625, 5.6875, 1.625], "texture": "#0"},
				"east": {"uv": [5, 1.5625, 5.0625, 1.625], "texture": "#0"},
				"south": {"uv": [5.75, 1.5625, 6.375, 1.625], "texture": "#0"},
				"west": {"uv": [5.6875, 1.5625, 5.75, 1.625], "texture": "#0"},
				"up": {"uv": [5.6875, 1.5625, 5.0625, 1.5], "texture": "#0"},
				"down": {"uv": [6.3125, 1.5, 5.6875, 1.5625], "texture": "#0"}
			}
		},
		{
			"from": [-4.92, 0.7, -1.924],
			"to": [0.12, 1.404, -1.22],
			"rotation": {"angle": 22.5, "axis": "y", "origin": [0.12, 9.052, -1.22]},
			"faces": {
				"north": {"uv": [3.875, 2.9375, 4.5, 3], "texture": "#0"},
				"east": {"uv": [3.8125, 2.9375, 3.875, 3], "texture": "#0"},
				"south": {"uv": [4.5625, 2.9375, 5.1875, 3], "texture": "#0"},
				"west": {"uv": [4.5, 2.9375, 4.5625, 3], "texture": "#0"},
				"up": {"uv": [4.5, 2.9375, 3.875, 2.875], "texture": "#0"},
				"down": {"uv": [5.125, 2.875, 4.5, 2.9375], "texture": "#0"}
			}
		},
		{
			"from": [1.342, 0.69, -2.814],
			"to": [6.994, 1.414, -2.09],
			"rotation": {"angle": 0, "axis": "y", "origin": [8.04, 0.252, 14.444]},
			"faces": {
				"north": {"uv": [5.6875, 2.4375, 6.1875, 2.5], "texture": "#0"},
				"east": {"uv": [5.625, 2.4375, 5.6875, 2.5], "texture": "#0"},
				"south": {"uv": [6.25, 2.4375, 6.75, 2.5], "texture": "#0"},
				"west": {"uv": [6.1875, 2.4375, 6.25, 2.5], "texture": "#0"},
				"up": {"uv": [6.1875, 2.4375, 5.6875, 2.375], "texture": "#0"},
				"down": {"uv": [6.6875, 2.375, 6.1875, 2.4375], "texture": "#0"}
			}
		},
		{
			"from": [-7.624, 0.348, -4.388],
			"to": [-0.584, 1.756, -2.98],
			"rotation": {"angle": 45, "axis": "y", "origin": [-0.584, 9.052, -4.564]},
			"faces": {
				"north": {"uv": [6.1875, 0.125, 5.5625, 0.25], "texture": "#0"},
				"east": {"uv": [5.5625, 0.125, 5.4375, 0.25], "texture": "#0"},
				"south": {"uv": [6.9375, 0.125, 6.3125, 0.25], "texture": "#0"},
				"west": {"uv": [6.3125, 0.125, 6.1875, 0.25], "texture": "#0"},
				"up": {"uv": [5.5625, 0.125, 6.1875, 0], "texture": "#0"},
				"down": {"uv": [6.1875, 0, 6.8125, 0.125], "texture": "#0"}
			}
		},
		{
			"from": [-1.464, -0.004, -5.268],
			"to": [1.352, 2.108, -1.748],
			"rotation": {"angle": 22.5, "axis": "y", "origin": [1.352, 9.052, -5.268]},
			"faces": {
				"north": {"uv": [4.0625, 9.25, 3.8125, 9.4375], "texture": "#0"},
				"east": {"uv": [4.0625, 9.25, 4.375, 9.4375], "texture": "#0"},
				"south": {"uv": [4.625, 9.25, 4.375, 9.4375], "texture": "#0"},
				"west": {"uv": [3.8125, 9.25, 3.5, 9.4375], "texture": "#0"},
				"up": {"uv": [3.8125, 9.25, 4.0625, 8.9375], "texture": "#0"},
				"down": {"uv": [4.0625, 8.9375, 4.3125, 9.25], "texture": "#0"}
			}
		},
		{
			"from": [4.168, 0.7, -2.804],
			"to": [8.392, 1.404, -2.1],
			"rotation": {"angle": -45, "axis": "y", "origin": [4.168, 9.052, -2.1]},
			"faces": {
				"north": {"uv": [1.75, 5.625, 2.125, 5.6875], "texture": "#0"},
				"east": {"uv": [1.6875, 5.625, 1.75, 5.6875], "texture": "#0"},
				"south": {"uv": [2.1875, 5.625, 2.5625, 5.6875], "texture": "#0"},
				"west": {"uv": [2.125, 5.625, 2.1875, 5.6875], "texture": "#0"},
				"up": {"uv": [2.125, 5.625, 1.75, 5.5625], "texture": "#0"},
				"down": {"uv": [2.5, 5.5625, 2.125, 5.625], "texture": "#0"}
			}
		},
		{
			"from": [7.688, 0.7, -2.804],
			"to": [11.912, 1.404, -2.1],
			"rotation": {"angle": 45, "axis": "y", "origin": [11.912, 9.052, -2.1]},
			"faces": {
				"north": {"uv": [4.8125, 4, 5.1875, 4.0625], "texture": "#0"},
				"east": {"uv": [4.75, 4, 4.8125, 4.0625], "texture": "#0"},
				"south": {"uv": [5.25, 4, 5.625, 4.0625], "texture": "#0"},
				"west": {"uv": [5.1875, 4, 5.25, 4.0625], "texture": "#0"},
				"up": {"uv": [5.1875, 4, 4.8125, 3.9375], "texture": "#0"},
				"down": {"uv": [5.5625, 3.9375, 5.1875, 4], "texture": "#0"}
			}
		},
		{
			"from": [6.984, -0.004, 17.26],
			"to": [9.096, 2.108, 20.076],
			"rotation": {"angle": 0, "axis": "y", "origin": [8.04, -0.1, 20.076]},
			"faces": {
				"north": {"uv": [7.0625, 2.8125, 7.25, 3], "texture": "#0"},
				"east": {"uv": [6.8125, 2.8125, 7.0625, 3], "texture": "#0"},
				"south": {"uv": [7.5, 2.8125, 7.6875, 3], "texture": "#0"},
				"west": {"uv": [7.25, 2.8125, 7.5, 3], "texture": "#0"},
				"up": {"uv": [7.25, 2.8125, 7.0625, 2.5625], "texture": "#0"},
				"down": {"uv": [7.4375, 2.5625, 7.25, 2.8125], "texture": "#0"}
			}
		}
	],
	"gui_light": "front",
	"display": {
		"thirdperson_righthand": {
			"rotation": [90, 0, 90],
			"translation": [-4.5, 2.5, 1.5],
			"scale": [0.7, 0.7, 0.7]
		},
		"thirdperson_lefthand": {
			"rotation": [90, 0, 90],
			"translation": [-4.5, 2.5, 1.5],
			"scale": [0.7, 0.7, 0.7]
		},
		"firstperson_righthand": {
			"rotation": [110, 0, 90],
			"translation": [2, -2, -5],
			"scale": [0.7, 0.7, 0.7]
		},
		"firstperson_lefthand": {
			"rotation": [110, 0, 90],
			"translation": [2, -2, -5],
			"scale": [0.7, 0.7, 0.7]
		},
		"ground": {
			"translation": [0, 3.5, 0],
			"scale": [0.7, 0.7, 0.7]
		},
		"gui": {
			"rotation": [90, -45, 0],
			"translation": [-2, -2, 0],
			"scale": [0.6, 0.6, 0.6]
		},
		"head": {
			"scale": [0, 0, 0]
		},
		"fixed": {
			"rotation": [90, 0, 0],
			"translation": [0, -1.25, 4],
			"scale": [0.7, 0.7, 0.7]
		}
	},
	"groups": [
		{
			"name": "pickaxe",
			"origin": [15.04, 20.052, 9.3558],
			"color": 0,
			"children": [0, 1, 2, 3, 4, 5, 6, 7, 8, 9, 10, 11, 12, 13, 14]
		}
	]
}