{
  "parent": "minecraft:item/handheld",
  "textures": {
    "layer0": "minecraft:item/feather"
  },
  "overrides": [
	{ "predicate": {"custom_model_data": 1}, "model": "custom/backtools/wooden_sword"},
	{ "predicate": {"custom_model_data": 2}, "model": "custom/backtools/stone_sword"},
	{ "predicate": {"custom_model_data": 3}, "model": "custom/backtools/iron_sword"},
	{ "predicate": {"custom_model_data": 4}, "model": "custom/backtools/golden_sword"},
	{ "predicate": {"custom_model_data": 5}, "model": "custom/backtools/diamond_sword"},
	{ "predicate": {"custom_model_data": 6}, "model": "custom/backtools/netherite_sword"},
	{ "predicate": {"custom_model_data": 7}, "model": "custom/backtools/bone_sword"},
	{ "predicate": {"custom_model_data": 8}, "model": "custom/backtools/dragonscale_sword"},
	{ "predicate": {"custom_model_data": 9}, "model": "custom/backtools/dracula_sword_backtool"},
	{ "predicate": {"custom_model_data": 11}, "model": "custom/backtools/wooden_axe"},
	{ "predicate": {"custom_model_data": 12}, "model": "custom/backtools/stone_axe"},
	{ "predicate": {"custom_model_data": 13}, "model": "custom/backtools/iron_axe"},
	{ "predicate": {"custom_model_data": 14}, "model": "custom/backtools/golden_axe"},
	{ "predicate": {"custom_model_data": 15}, "model": "custom/backtools/diamond_axe"},
	{ "predicate": {"custom_model_data": 16}, "model": "custom/backtools/netherite_axe"},
	{ "predicate": {"custom_model_data": 17}, "model": "custom/backtools/dragonscale_axe"},
	{ "predicate": {"custom_model_data": 18}, "model": "custom/backtools/ankh_scepter_backtool"},
	{ "predicate": {"custom_model_data": 21}, "model": "custom/backtools/wooden_pickaxe"},
	{ "predicate": {"custom_model_data": 22}, "model": "custom/backtools/stone_pickaxe"},
	{ "predicate": {"custom_model_data": 23}, "model": "custom/backtools/iron_pickaxe"},
	{ "predicate": {"custom_model_data": 24}, "model": "custom/backtools/golden_pickaxe"},
	{ "predicate": {"custom_model_data": 25}, "model": "custom/backtools/diamond_pickaxe"},
	{ "predicate": {"custom_model_data": 26}, "model": "custom/backtools/netherite_pickaxe"},
	{ "predicate": {"custom_model_data": 27}, "model": "custom/backtools/cursed_pickaxe_backtool"},
	{ "predicate": {"custom_model_data": 31}, "model": "custom/backtools/wooden_shovel"},
	{ "predicate": {"custom_model_data": 32}, "model": "custom/backtools/stone_shovel"},
	{ "predicate": {"custom_model_data": 33}, "model": "custom/backtools/iron_shovel"},
	{ "predicate": {"custom_model_data": 34}, "model": "custom/backtools/golden_shovel"},
	{ "predicate": {"custom_model_data": 35}, "model": "custom/backtools/diamond_shovel"},
	{ "predicate": {"custom_model_data": 36}, "model": "custom/backtools/netherite_shovel"},
	{ "predicate": {"custom_model_data": 41}, "model": "custom/backtools/wooden_hoe"},
	{ "predicate": {"custom_model_data": 42}, "model": "custom/backtools/stone_hoe"},
	{ "predicate": {"custom_model_data": 43}, "model": "custom/backtools/iron_hoe"},
	{ "predicate": {"custom_model_data": 44}, "model": "custom/backtools/golden_hoe"},
	{ "predicate": {"custom_model_data": 45}, "model": "custom/backtools/diamond_hoe"},
	{ "predicate": {"custom_model_data": 46}, "model": "custom/backtools/netherite_hoe"},
	{ "predicate": {"custom_model_data": 101}, "model": "custom/backtools/traveler_backpack"},
	{ "predicate": {"custom_model_data": 102}, "model": "custom/backtools/adventure_backpack"},
	{ "predicate": {"custom_model_data": 103}, "model": "custom/backtools/hero_backpack"},
	{ "predicate": {"custom_model_data": 201}, "model": "custom/items/balloon"}
  ]
}