{
    "providers": [
		{"type": "bitmap", "file": "custom/icons/title.png", "ascent":25, "height":40, "chars": ["\uE020"]},
		{"type": "bitmap", "file": "custom/menus/adventure_pass/menu_adventure_pass.png", "ascent":19, "height":256, "chars": ["\uE021"]},
		{"type": "bitmap", "file": "custom/menus/adventure_pass/menu_adventure_pass_premium.png", "ascent":19, "height":256, "chars": ["\uE022"]},
		{"type": "bitmap", "file": "custom/menus/rank_previews/ultra_perks.png", "ascent":19, "height":256, "chars": ["\uE023"]},
		{"type": "bitmap", "file": "custom/menus/rank_previews/hero_perks.png", "ascent":19, "height":256, "chars": ["\uE024"]},
		{"type": "bitmap", "file": "custom/menus/rank_previews/legend_perks.png", "ascent":19, "height":256, "chars": ["\uE025"]},
		{"type": "bitmap", "file": "custom/menus/rank_previews/rank_purchased.png", "ascent":19, "height":256, "chars": ["\uE026"]},
		{"type": "bitmap", "file": "custom/menus/profile/menu_profile.png", "ascent":19, "height":256, "chars": ["\uE031"]},
		{"type": "bitmap", "file": "custom/menus/profile/player.png", "ascent":19, "height":256, "chars": ["\uE032"]},
		{"type": "bitmap", "file": "custom/menus/profile/ultra.png", "ascent":19, "height":256, "chars": ["\uE033"]},
		{"type": "bitmap", "file": "custom/menus/profile/hero.png", "ascent":19, "height":256, "chars": ["\uE034"]},
		{"type": "bitmap", "file": "custom/menus/profile/legend.png", "ascent":19, "height":256, "chars": ["\uE035"]},
		{"type": "bitmap", "file": "custom/menus/profile/helper.png", "ascent":19, "height":256, "chars": ["\uE036"]},
		{"type": "bitmap", "file": "custom/menus/profile/moderator.png", "ascent":19, "height":256, "chars": ["\uE037"]},
		{"type": "bitmap", "file": "custom/menus/profile/admin.png", "ascent":19, "height":256, "chars": ["\uE038"]},
		{"type": "bitmap", "file": "custom/menus/profile/owner.png", "ascent":19, "height":256, "chars": ["\uE039"]},
		{"type": "bitmap", "file": "custom/menus/skills/menu_skills.png", "ascent":19, "height":256, "chars": ["\uE041"]},
		{"type": "bitmap", "file": "custom/menus/skills/menu_stats.png", "ascent":19, "height":256, "chars": ["\uE042"]},
		{"type": "bitmap", "file": "custom/menus/skills/menu_ranking.png", "ascent":19, "height":256, "chars": ["\uE043"]},
		{"type": "bitmap", "file": "custom/menus/skills/menu_xp_sources.png", "ascent":19, "height":256, "chars": ["\uE044"]},
		{"type": "bitmap", "file": "custom/menus/skills/menu_abilities.png", "ascent":19, "height":256, "chars": ["\uE045"]},
		{"type": "bitmap", "file": "custom/menus/skills/menu_level_progress.png", "ascent":19, "height":256, "chars": ["\uE046"]},
		{"type": "bitmap", "file": "custom/menus/auctions/auctions_browse.png", "ascent":19, "height":256, "chars": ["\uE051"]},
		{"type": "bitmap", "file": "custom/menus/auctions/my_auctions.png", "ascent":19, "height":256, "chars": ["\uE052"]},
		{"type": "bitmap", "file": "custom/menus/auctions/expired_auctions.png", "ascent":19, "height":256, "chars": ["\uE053"]},
		{"type": "bitmap", "file": "custom/menus/auctions/confirm_purchase.png", "ascent":19, "height":256, "chars": ["\uE054"]},
		{"type": "bitmap", "file": "custom/menus/auctions/start_auction.png", "ascent":19, "height":256, "chars": ["\uE055"]},
		{"type": "bitmap", "file": "custom/menus/auctions/bidding.png", "ascent":19, "height":256, "chars": ["\uE056"]},
		{"type": "bitmap", "file": "custom/menus/auctions/search.png", "ascent":19, "height":256, "chars": ["\uE057"]},
		{"type": "bitmap", "file": "custom/menus/menu_main.png", "ascent":19, "height":256, "chars": ["\uE060"]},
		{"type": "bitmap", "file": "custom/menus/forge/menu.png", "ascent":19, "height":256, "chars": ["\uE061"]},
		{"type": "bitmap", "file": "custom/menus/accesories/menu.png", "ascent":19, "height":256, "chars": ["\uE063"]},
		{"type": "bitmap", "file": "custom/menus/reputation/reputation.png", "ascent":19, "height":256, "chars": ["\uE064"]},
		{"type": "bitmap", "file": "custom/menus/reputation/slayers.png", "ascent":19, "height":256, "chars": ["\uE065"]},
		{"type": "bitmap", "file": "custom/menus/reputation/miners.png", "ascent":19, "height":256, "chars": ["\uE066"]},
		{"type": "bitmap", "file": "custom/menus/reputation/ranchers.png", "ascent":19, "height":256, "chars": ["\uE067"]},

		{"type": "bitmap", "file": "custom/menus/daily_rewards/menu_daily_rewards.png", "ascent":19, "height":256, "chars": ["\uE068"]},
		{"type": "bitmap", "file": "custom/menus/shops/menu_sell_items.png", "ascent":19, "height":256, "chars": ["\uE069"]},
		{"type": "bitmap", "file": "custom/menus/shops/menu_buy_items.png", "ascent":19, "height":256, "chars": ["\uE070"]},
		{"type": "bitmap", "file": "custom/menus/menu_ancient_traveler.png", "ascent":19, "height":256, "chars": ["\uE071"]},
		{"type": "bitmap", "file": "custom/menus/quests/menu_quests.png", "ascent":19, "height":256, "chars": ["\uE072"]},
		{"type": "bitmap", "file": "custom/menus/dungeons/menu_dungeons.png", "ascent":19, "height":256, "chars": ["\uE073"]},
		{"type": "bitmap", "file": "custom/menus/badges/menu_badges.png", "ascent":19, "height":256, "chars": ["\uE075"]},
		{"type": "bitmap", "file": "custom/menus/menu_links.png", "ascent":19, "height":256, "chars": ["\uE076"]},
		{"type": "bitmap", "file": "custom/menus/jobs/menu_jobs.png", "ascent":19, "height":256, "chars": ["\uE077"]},
		{"type": "bitmap", "file": "custom/menus/menu_kits.png", "ascent":19, "height":256, "chars": ["\uE078"]},
		{"type": "bitmap", "file": "custom/menus/menu_guide.png", "ascent":19, "height":256, "chars": ["\uE079"]},
		{"type": "bitmap", "file": "custom/menus/crates/menu_crates.png", "ascent":19, "height":256, "chars": ["\uE080"]},
		{"type": "bitmap", "file": "custom/menus/crates/menu_adventure_crate.png", "ascent":19, "height":256, "chars": ["\uE081"]},
		{"type": "bitmap", "file": "custom/menus/crates/menu_hero_crate.png", "ascent":19, "height":256, "chars": ["\uE082"]},
		{"type": "bitmap", "file": "custom/menus/crates/menu_legendary_crate.png", "ascent":19, "height":256, "chars": ["\uE083"]},
		{"type": "bitmap", "file": "custom/menus/premium_store/menu_premium_store.png", "ascent":19, "height":256, "chars": ["\uE084"]},
		{"type": "bitmap", "file": "custom/menus/premium_store/menu_premium_store_confirm_purchase.png", "ascent":19, "height":256, "chars": ["\uE085"]},
		{"type": "bitmap", "file": "custom/menus/dungeons/mineshaft.png", "ascent":19, "height":256, "chars": ["\uE086"]},
		{"type": "bitmap", "file": "custom/menus/dungeons/dracula.png", "ascent":19, "height":256, "chars": ["\uE087"]},
		{"type": "bitmap", "file": "custom/menus/dungeons/desert.png", "ascent":19, "height":256, "chars": ["\uE088"]},
		{"type": "bitmap", "file": "custom/menus/dungeons/desert.png", "ascent":19, "height":256, "chars": ["\uE089"]},

		{"type": "bitmap", "file": "custom/menus/shops/category_mining.png", "ascent":-77, "height":16, "chars": ["\uE301"]},
		{"type": "bitmap", "file": "custom/menus/shops/category_minerals.png", "ascent":-77, "height":16, "chars": ["\uE302"]},
		{"type": "bitmap", "file": "custom/menus/shops/category_farming.png", "ascent":-77, "height":16, "chars": ["\uE303"]},
		{"type": "bitmap", "file": "custom/menus/shops/category_mob_drops.png", "ascent":-77, "height":16, "chars": ["\uE304"]},
		{"type": "bitmap", "file": "custom/menus/shops/category_combat.png", "ascent":-77, "height":16, "chars": ["\uE305"]},
		{"type": "bitmap", "file": "custom/menus/shops/category_food.png", "ascent":-77, "height":16, "chars": ["\uE306"]},
		{"type": "bitmap", "file": "custom/menus/shops/category_special.png", "ascent":-77, "height":16, "chars": ["\uE307"]},
		{"type": "bitmap", "file": "custom/menus/page_1.png", "ascent":-77, "height":16, "chars": ["\uE308"]},
		{"type": "bitmap", "file": "custom/menus/page_2.png", "ascent":-77, "height":16, "chars": ["\uE309"]},
		{"type": "bitmap", "file": "custom/menus/page_3.png", "ascent":-77, "height":16, "chars": ["\uE310"]},
		{"type": "bitmap", "file": "custom/icons/gold_icon.png", "ascent":8, "height":8, "chars": ["\uE101"]},
		{"type": "bitmap", "file": "custom/icons/gems_icon.png", "ascent":8, "height":8, "chars": ["\uE102"]},
		{"type": "bitmap", "file": "custom/icons/adventure_pass_icon.png", "ascent":8, "height":9, "chars": ["\uE103"]},
		{"type": "bitmap", "file": "custom/icons/adventure_pass_xp_icon.png", "ascent":8, "height":9, "chars": ["\uE104"]},
		{"type": "bitmap", "file": "custom/icons/luck.png", "ascent":7, "height":7, "chars": ["\uE105"]},
		{"type": "bitmap", "file": "custom/icons/wisdom.png", "ascent":7, "height":7, "chars": ["\uE106"]},
		{"type": "bitmap", "file": "custom/icons/notification_green.png", "ascent":8, "height":9, "chars": ["\uE110"]},
		{"type": "bitmap", "file": "custom/icons/notification_red.png", "ascent":8, "height":9, "chars": ["\uE111"]},
		{"type": "bitmap", "file": "custom/icons/afk.png", "ascent":7, "height":7, "chars": ["\uE199"]},
		{"type": "bitmap", "file": "custom/icons/player.png", "ascent":7, "height":7, "chars": ["\uE200"]},
		{"type": "bitmap", "file": "custom/icons/ultra.png", "ascent":7, "height":7, "chars": ["\uE201"]},
		{"type": "bitmap", "file": "custom/icons/hero.png", "ascent":7, "height":7, "chars": ["\uE202"]},
		{"type": "bitmap", "file": "custom/icons/legend.png", "ascent":7, "height":7, "chars": ["\uE203"]},
		{"type": "bitmap", "file": "custom/icons/helper.png", "ascent":7, "height":7, "chars": ["\uE204"]},
		{"type": "bitmap", "file": "custom/icons/moderator.png", "ascent":7, "height":7, "chars": ["\uE205"]},
		{"type": "bitmap", "file": "custom/icons/admin.png", "ascent":7, "height":7, "chars": ["\uE206"]},
		{"type": "bitmap", "file": "custom/icons/owner.png", "ascent":7, "height":7, "chars": ["\uE207"]},
		{"type": "bitmap", "file": "custom/icons/compass.png", "ascent":9, "height":11, "chars": ["\uE401"]},
		{"type": "bitmap", "file": "custom/icons/clock.png", "ascent":9, "height":11, "chars": ["\uE402"]},
		{"type": "bitmap", "file": "custom/icons/website.png", "ascent":8, "height":9, "chars": ["\uE403"]},
		{"type": "bitmap", "file": "custom/icons/home.png", "ascent":8, "height":9, "chars": ["\uE404"]},
		{"type": "bitmap", "file": "custom/icons/lightning_icon.png", "ascent":8, "height":9, "chars": ["\uE405"]},
		{"type": "bitmap", "file": "custom/icons/compass_background.png", "ascent":8, "height":9, "chars": ["\uE406"]},
		
		{"type": "bitmap", "file": "custom/space_split.png", "ascent":-32768, "height":-1, "chars": ["\uF900"]},
		{"type": "bitmap", "file": "custom/space_split.png", "ascent":-32768, "height":-3, "chars": ["\uF831"]},
		{"type": "bitmap", "file": "custom/space_split.png", "ascent":-32768, "height":-4, "chars": ["\uF832"]},
		{"type": "bitmap", "file": "custom/space_split.png", "ascent":-32768, "height":-5, "chars": ["\uF833"]},
		{"type": "bitmap", "file": "custom/space_split.png", "ascent":-32768, "height":-6, "chars": ["\uF834"]},
		{"type": "bitmap", "file": "custom/space_split.png", "ascent":-32768, "height":-7, "chars": ["\uF835"]},
		{"type": "bitmap", "file": "custom/space_split.png", "ascent":-32768, "height":-10, "chars": ["\uF836"]},
		{"type": "bitmap", "file": "custom/space_split.png", "ascent":-32768, "height":-115, "chars": ["\uF840"]},
		{"type": "bitmap", "file": "custom/space_split.png", "ascent":-32768, "height":-179, "chars": ["\uF841"]}
    ]
}