{
	"credit": "Made with Blockbench",
	"texture_size": [128, 128],
	"textures": {
		"4": "custom/wilderness_dungeons/spider_totem"
	},
	"elements": [
		{
			"from": [0, 0.025, 0],
			"to": [16, 16, 16],
			"rotation": {"angle": 0, "axis": "y", "origin": [8, 0, 8]},
			"faces": {
				"north": {"uv": [2.5, 0, 4.5, 2], "texture": "#4"},
				"east": {"uv": [2.5, 2, 4.5, 4], "texture": "#4"},
				"south": {"uv": [2.5, 4, 4.5, 6], "texture": "#4"},
				"west": {"uv": [4.5, 0, 6.5, 2], "texture": "#4"},
				"up": {"uv": [6.5, 4, 4.5, 2], "texture": "#4"},
				"down": {"uv": [6.5, 4, 4.5, 6], "texture": "#4"}
			}
		},
		{
			"from": [-2, 0, -2],
			"to": [18, 4, 18],
			"rotation": {"angle": 0, "axis": "y", "origin": [8, 0, 8]},
			"faces": {
				"north": {"uv": [6.5, 0, 9, 0.5], "texture": "#4"},
				"east": {"uv": [6.5, 0.5, 9, 1], "texture": "#4"},
				"south": {"uv": [6.5, 1, 9, 1.5], "texture": "#4"},
				"west": {"uv": [6.5, 1.5, 9, 2], "texture": "#4"},
				"up": {"uv": [2.5, 2.5, 0, 0], "texture": "#4"},
				"down": {"uv": [2.5, 2.5, 0, 5], "texture": "#4"}
			}
		},
		{
			"from": [2, 16, 1],
			"to": [14, 22, 15],
			"rotation": {"angle": 0, "axis": "y", "origin": [8, 16, 8]},
			"faces": {
				"north": {"uv": [6.5, 2, 8, 2.75], "texture": "#4"},
				"east": {"uv": [3, 6, 4.75, 6.75], "texture": "#4"},
				"south": {"uv": [6.5, 2.75, 8, 3.5], "texture": "#4"},
				"west": {"uv": [4.75, 6, 6.5, 6.75], "texture": "#4"},
				"up": {"uv": [1.5, 6.75, 0, 5], "texture": "#4"},
				"down": {"uv": [3, 6, 1.5, 7.75], "texture": "#4"}
			}
		},
		{
			"from": [4, 22, 4],
			"to": [12, 30, 12],
			"rotation": {"angle": 0, "axis": "y", "origin": [5, 22, 5]},
			"faces": {
				"north": {"uv": [1.5, 5, 2.5, 6], "texture": "#4"},
				"east": {"uv": [6.5, 3.5, 7.5, 4.5], "texture": "#4"},
				"south": {"uv": [6.5, 4.5, 7.5, 5.5], "texture": "#4"},
				"west": {"uv": [6.5, 5.5, 7.5, 6.5], "texture": "#4"},
				"up": {"uv": [7.5, 7.5, 6.5, 6.5], "texture": "#4"},
				"down": {"uv": [1, 6.75, 0, 7.75], "texture": "#4"}
			}
		}
	],
	"groups": [
		{
			"name": "totemspider",
			"origin": [5, 22, 5],
			"color": 0,
			"children": [0, 1, 2, 3]
		}
	]
}