{
	"credit": "Made with Blockbench",
	"texture_size": [64, 32],
	"textures": {
		"0": "custom/models/skeleton"
	},
	"elements": [
		{
			"name": "head",
			"from": [4, 14, 12],
			"to": [12, 22, 20],
			"rotation": {"angle": -22.5, "axis": "x", "origin": [8, 7, 16]},
			"faces": {
				"north": {"uv": [2, 4, 4, 8], "texture": "#0"},
				"east": {"uv": [0, 4, 2, 8], "texture": "#0"},
				"south": {"uv": [6, 4, 8, 8], "texture": "#0"},
				"west": {"uv": [4, 4, 6, 8], "texture": "#0"},
				"up": {"uv": [4, 4, 2, 0], "texture": "#0"},
				"down": {"uv": [6, 0, 4, 4], "texture": "#0"}
			}
		},
		{
			"name": "headwear",
			"from": [3.5, 13, 9.5],
			"to": [12.5, 22, 18.5],
			"rotation": {"angle": 0, "axis": "y", "origin": [8, 7, 14]},
			"faces": {
				"north": {"uv": [10, 4, 12, 8], "texture": "#0"},
				"east": {"uv": [8, 4, 10, 8], "texture": "#0"},
				"south": {"uv": [14, 4, 16, 8], "texture": "#0"},
				"west": {"uv": [12, 4, 14, 8], "texture": "#0"},
				"up": {"uv": [12, 4, 10, 0], "texture": "#0"},
				"down": {"uv": [14, 0, 12, 4], "texture": "#0"}
			}
		},
		{
			"name": "body",
			"from": [4, 2, 12],
			"to": [12, 14, 16],
			"rotation": {"angle": 0, "axis": "y", "origin": [8, 7, 14]},
			"faces": {
				"north": {"uv": [5, 10, 7, 16], "texture": "#0"},
				"east": {"uv": [4, 10, 5, 16], "texture": "#0"},
				"south": {"uv": [8, 10, 10, 16], "texture": "#0"},
				"west": {"uv": [7, 10, 8, 16], "texture": "#0"},
				"up": {"uv": [7, 10, 5, 8], "texture": "#0"},
				"down": {"uv": [9, 8, 7, 10], "texture": "#0"}
			}
		},
		{
			"name": "left_arm",
			"from": [2, 2, 13],
			"to": [4, 14, 15],
			"rotation": {"angle": 0, "axis": "y", "origin": [8, 7, 14]},
			"faces": {
				"north": {"uv": [11, 9, 10.5, 15], "texture": "#0"},
				"east": {"uv": [11.5, 9, 11, 15], "texture": "#0"},
				"south": {"uv": [12, 9, 11.5, 15], "texture": "#0"},
				"west": {"uv": [10.5, 9, 10, 15], "texture": "#0"},
				"up": {"uv": [10.5, 9, 11, 8], "texture": "#0"},
				"down": {"uv": [11, 8, 11.5, 9], "texture": "#0"}
			}
		},
		{
			"name": "right_arm",
			"from": [12, 2, 13],
			"to": [14, 14, 15],
			"rotation": {"angle": 0, "axis": "y", "origin": [8, 7, 14]},
			"faces": {
				"north": {"uv": [10.5, 9, 11, 15], "texture": "#0"},
				"east": {"uv": [10, 9, 10.5, 15], "texture": "#0"},
				"south": {"uv": [11.5, 9, 12, 15], "texture": "#0"},
				"west": {"uv": [11, 9, 11.5, 15], "texture": "#0"},
				"up": {"uv": [11, 9, 10.5, 8], "texture": "#0"},
				"down": {"uv": [11.5, 8, 11, 9], "texture": "#0"}
			}
		},
		{
			"name": "left_leg",
			"from": [5, 0, 1],
			"to": [7, 2, 13],
			"rotation": {"angle": 22.5, "axis": "y", "origin": [8, 1, 13]},
			"faces": {
				"north": {"uv": [1, 8, 1.5, 9], "rotation": 180, "texture": "#0"},
				"east": {"uv": [1.5, 9, 1, 15], "rotation": 270, "texture": "#0"},
				"south": {"uv": [0.5, 9, 1, 8], "texture": "#0"},
				"west": {"uv": [0.5, 9, 0, 15], "rotation": 90, "texture": "#0"},
				"up": {"uv": [1, 9, 0.5, 15], "rotation": 180, "texture": "#0"},
				"down": {"uv": [2, 9, 1.5, 15], "texture": "#0"}
			}
		},
		{
			"name": "right_leg",
			"from": [9, 0, 1],
			"to": [11, 2, 13],
			"rotation": {"angle": 0, "axis": "y", "origin": [8, 1, 13]},
			"faces": {
				"north": {"uv": [1.5, 8, 1, 9], "rotation": 180, "texture": "#0"},
				"east": {"uv": [0, 9, 0.5, 15], "rotation": 270, "texture": "#0"},
				"south": {"uv": [1, 9, 0.5, 8], "texture": "#0"},
				"west": {"uv": [1, 9, 1.5, 15], "rotation": 90, "texture": "#0"},
				"up": {"uv": [0.5, 9, 1, 15], "rotation": 180, "texture": "#0"},
				"down": {"uv": [1.5, 9, 2, 15], "texture": "#0"}
			}
		}
	],
	"display": {
		"head": {
			"translation": [0, -31, -1.25],
			"scale": [1.5, 1.5, 1.5]
		}
	},
	"groups": [
		{
			"name": "group",
			"origin": [8, 24, 8],
			"color": 0,
			"children": [
				{
					"name": "head",
					"origin": [8, 24, 8],
					"color": 0,
					"children": [0]
				},
				{
					"name": "headwear",
					"origin": [8, 24, 8],
					"color": 0,
					"children": [1]
				},
				{
					"name": "body",
					"origin": [8, 24, 8],
					"color": 0,
					"children": [2]
				},
				{
					"name": "left_arm",
					"origin": [3, 22, 8],
					"color": 0,
					"children": [3]
				},
				{
					"name": "right_arm",
					"origin": [13, 22, 8],
					"color": 0,
					"children": [4]
				},
				{
					"name": "left_leg",
					"origin": [6, 12, 8.1],
					"color": 0,
					"children": [5]
				},
				{
					"name": "right_leg",
					"origin": [10, 12, 8.1],
					"color": 0,
					"children": [6]
				}
			]
		}
	]
}