{"custom.badge_unlocked":{"sounds":["custom/effect/badge_unlocked"]},"custom.level_up":{"sounds":["custom/effect/level_up"]},"custom.quest_finished":{"sounds":["custom/effect/quest_finished"]},"custom.quest_finished_2":{"sounds":["custom/effect/quest_finished_2"]},"custom.server_connect":{"sounds":["custom/effect/server_connect"]},"custom.server_connect_2":{"sounds":["custom/effect/server_connect_2"]},"custom.balloon_alert":{"sounds":["custom/effect/balloon_alert"]},"custom.dungeons.unlock.dracula_manor":{"sounds":["custom/effect/unlock_dracula_manor"]},"custom.dungeons.unlock.desert_ruins":{"sounds":["custom/effect/unlock_desert_ruins"]},"custom.bush_trampling":{"sounds":["custom/effect/bush_trampling_1","custom/effect/bush_trampling_2","custom/effect/bush_trampling_3","custom/effect/bush_trampling_4","custom/effect/bush_trampling_5"]},"custom.birds_takeoff":{"sounds":["custom/effect/takeoff_1","custom/effect/takeoff_2","custom/effect/takeoff_3"]},"ambient.riser":{"sounds":["custom/atmospheric/riser_1","custom/atmospheric/riser_2","custom/atmospheric/riser_3"]},"ambient.whoosh":{"sounds":["custom/atmospheric/ambient_whoosh_1","custom/atmospheric/ambient_whoosh_2","custom/atmospheric/ambient_whoosh_3","custom/atmospheric/ambient_whoosh_4","custom/atmospheric/ambient_whoosh_5","custom/atmospheric/ambient_whoosh_6","custom/atmospheric/ambient_whoosh_7","custom/atmospheric/ambient_whoosh_8","custom/atmospheric/ambient_whoosh_9","custom/atmospheric/ambient_whoosh_10"]},"ambient.western_chord":{"sounds":["custom/atmospheric/western_chord_1","custom/atmospheric/western_chord_2","custom/atmospheric/western_chord_3"]},"ambient.birds":{"sounds":["custom/day/bird/bird_1","custom/day/bird/bird_2","custom/day/bird/bird_3","custom/day/bird/bird_4","custom/day/bird/bird_5"]},"ambient.crows":{"sounds":["custom/day/bird/crow_1","custom/day/bird/crow_2","custom/day/bird/crow_3","custom/day/bird/crow_4","custom/day/bird/crow_5","custom/day/bird/crow_6","custom/day/bird/crow_7"]},"ambient.seagulls":{"sounds":["custom/day/bird/seagull_1","custom/day/bird/seagull_2","custom/day/bird/seagull_3","custom/day/bird/seagull_4"]},"ambient.cicada":{"sounds":["custom/day/cicada/cicada_1","custom/day/cicada/cicada_2","custom/day/cicada/cicada_3","custom/day/cicada/cicada_4"]},"ambient.grasshopper":{"sounds":["custom/day/grasshopper/grasshopper_1","custom/day/grasshopper/grasshopper_2","custom/day/grasshopper/grasshopper_3","custom/day/grasshopper/grasshopper_4"]},"ambient.grasshopper.click":{"sounds":["custom/day/grasshopper/grasshopper_click_1","custom/day/grasshopper/grasshopper_click_2","custom/day/grasshopper/grasshopper_click_3","custom/day/grasshopper/grasshopper_click_4","custom/day/grasshopper/grasshopper_click_5","custom/day/grasshopper/grasshopper_click_6"]},"ambient.desert_cricket":{"sounds":["custom/day/desert_cricket/desert_cricket_1","custom/day/desert_cricket/desert_cricket_2","custom/day/desert_cricket/desert_cricket_3","custom/day/desert_cricket/desert_cricket_4"]},"ambient.desert_cricket_slowed":{"sounds":["custom/day/desert_cricket/desert_cricket_slowed_1","custom/day/desert_cricket/desert_cricket_slowed_2","custom/day/desert_cricket/desert_cricket_slowed_3","custom/day/desert_cricket/desert_cricket_slowed_4","custom/day/desert_cricket/desert_cricket_slowed_5"]},"ambient.cricket":{"sounds":["custom/night/cricket/cricket_1","custom/night/cricket/cricket_2","custom/night/cricket/cricket_3","custom/night/cricket/cricket_4","custom/night/cricket/cricket_5","custom/night/cricket/cricket_6"]},"ambient.frog":{"sounds":["custom/night/frog/frog_1","custom/night/frog/frog_2","custom/night/frog/frog_3","custom/night/frog/frog_4"]},"ambient.owl":{"sounds":["custom/night/owl/owl_1","custom/night/owl/owl_2","custom/night/owl/owl_3","custom/night/owl/owl_4","custom/night/owl/owl_5","custom/night/owl/owl_6","custom/night/owl/owl_7","custom/night/owl/owl_8","custom/night/owl/owl_9","custom/night/owl/owl_10","custom/night/owl/owl_11"]},"ambient.wolf_howl":{"sounds":["custom/night/wolf/wolf_howl_1","custom/night/wolf/wolf_howl_2","custom/night/wolf/wolf_howl_3","custom/night/wolf/wolf_howl_4","custom/night/wolf/wolf_howl_5","custom/night/wolf/wolf_howl_6"]},"ambient.woodpecker":{"sounds":["custom/day/woodpecker/woodpecker_1","custom/day/woodpecker/woodpecker_2"]},"ambient.medium_wind":{"sounds":["custom/wind/medium_wind_1","custom/wind/medium_wind_2","custom/wind/medium_wind_3"]},"ambient.strong_wind":{"sounds":["custom/wind/strong_wind_1","custom/wind/strong_wind_2","custom/wind/strong_wind_3"]},"ambient.medium_wind.desert":{"sounds":["custom/wind/desert_medium_1","custom/wind/desert_medium_2","custom/wind/desert_medium_3"]},"ambient.winter_wind":{"sounds":["custom/wind/winter_wind_1","custom/wind/winter_wind_2","custom/wind/winter_wind_3","custom/wind/winter_wind_4","custom/wind/winter_wind_5","custom/wind/winter_wind_6","custom/wind/winter_wind_7","custom/wind/winter_wind_8","custom/wind/winter_wind_9","custom/wind/winter_wind_10","custom/wind/winter_wind_11","custom/wind/winter_wind_12"]},"ambient.ocean_wind":{"sounds":["custom/wind/ocean_wind_1","custom/wind/ocean_wind_2","custom/wind/ocean_wind_3"]},"ambient.wood_creak":{"sounds":["custom/tree/wood_creak_1","custom/tree/wood_creak_2","custom/tree/wood_creak_3","custom/tree/wood_creak_4","custom/tree/wood_creak_5","custom/tree/wood_creak_6","custom/tree/wood_creak_7","custom/tree/wood_creak_8","custom/tree/wood_creak_9","custom/tree/wood_creak_10"]},"ambient.leaves_rustling":{"sounds":["custom/tree/leaves_rustling_1","custom/tree/leaves_rustling_2","custom/tree/leaves_rustling_3","custom/tree/leaves_rustling_4","custom/tree/leaves_rustling_5","custom/tree/leaves_rustling_6","custom/tree/leaves_rustling_7","custom/tree/leaves_rustling_8","custom/tree/leaves_rustling_9","custom/tree/leaves_rustling_10"]},"ambient.dirt":{"sounds":["custom/cave/dirt_1","custom/cave/dirt_2","custom/cave/dirt_3","custom/cave/dirt_4"]},"ambient.cave_ambience":{"sounds":["custom/cave/cave_1","custom/cave/cave_2","custom/cave/cave_3","custom/cave/cave_4"]},"ambient.dark_cave_ambience":{"sounds":["custom/cave/dark_cave_1","custom/cave/dark_cave_2","custom/cave/dark_cave_3"]},"ambient.dungeons.bridge_creak":{"sounds":["custom/cave/bridge_creak_1","custom/cave/bridge_creak_2","custom/cave/bridge_creak_3","custom/cave/bridge_creak_4","custom/cave/bridge_creak_5","custom/cave/bridge_creak_6"]},"ambient.dungeons.wood_creak":{"sounds":["custom/cave/wood_creak_1","custom/cave/wood_creak_2","custom/cave/wood_creak_3","custom/cave/wood_creak_4","custom/cave/wood_creak_5","custom/cave/wood_creak_6"]},"ambient.dungeons.lava_ambient":{"sounds":["custom/cave/lava_ambient_1","custom/cave/lava_ambient_2","custom/cave/lava_ambient_3"]},"ambient.dungeons.mices":{"sounds":["custom/cave/mices_1","custom/cave/mices_2","custom/cave/mices_3","custom/cave/mices_4","custom/cave/mices_5"]},"ambient.dungeons.rocks":{"sounds":["custom/cave/rocks_1","custom/cave/rocks_2","custom/cave/rocks_3","custom/cave/rocks_4","custom/cave/rocks_5"]},"ambient.dungeons.water_drips":{"sounds":["custom/cave/water_drips_1","custom/cave/water_drips_2","custom/cave/water_drips_3","custom/cave/water_drips_4"]},"ambient.dungeons.raven":{"sounds":["custom/atmospheric/raven"]},"ambient.dungeons.tapping":{"sounds":["custom/atmospheric/tapping"]},"ambient.snowing":{"sounds":["custom/winter/snowing_1","custom/winter/snowing_2","custom/winter/snowing_3","custom/winter/snowing_4","custom/winter/snowing_5","custom/winter/snowing_6"]},"ambient.waves":{"sounds":["custom/sea/waves_1","custom/sea/waves_2","custom/sea/waves_3","custom/sea/waves_4","custom/sea/waves_5"]}}