{
 "parent":"item/handheld",
 "textures":{
	"layer0":"item/blaze_powder"
 },
 "overrides":[
	{"predicate":{"custom_model_data":1}, "model":"item/blaze_powder/chess_pawn_black"},
	{"predicate":{"custom_model_data":2}, "model":"item/blaze_powder/chess_pawn_white"},
	{"predicate":{"custom_model_data":3}, "model":"item/blaze_powder/chess_rook_black"},
	{"predicate":{"custom_model_data":4}, "model":"item/blaze_powder/chess_rook_white"},
	{"predicate":{"custom_model_data":5}, "model":"item/blaze_powder/chess_bishop_black"},
	{"predicate":{"custom_model_data":6}, "model":"item/blaze_powder/chess_bishop_white"},
	{"predicate":{"custom_model_data":7}, "model":"item/blaze_powder/chess_knight_black"},
	{"predicate":{"custom_model_data":8}, "model":"item/blaze_powder/chess_knight_white"},
	{"predicate":{"custom_model_data":9}, "model":"item/blaze_powder/chess_queen_black"},
	{"predicate":{"custom_model_data":10}, "model":"item/blaze_powder/chess_queen_white"},
	{"predicate":{"custom_model_data":11}, "model":"item/blaze_powder/chess_king_black"},
	{"predicate":{"custom_model_data":12}, "model":"item/blaze_powder/chess_king_white"}
 ]
}