{"display":{"head":{"scale":[3,3,3]}},"texture_size":[64,64],"textures":{"0":"item/blaze_powder/chess_queen_white","particle":"item/blaze_powder/chess_queen_white"},"elements":[{"from":[3,0,3],"to":[13,2,13],"rotation":{"angle":0,"axis":"y","origin":[8,0,7]},"faces":{"north":{"uv":[8.5,0,11,0.5],"texture":"#0"},"east":{"uv":[8.5,0.5,11,1],"texture":"#0"},"south":{"uv":[8.5,1,11,1.5],"texture":"#0"},"west":{"uv":[1.25,8.75,3.75,9.25],"texture":"#0"},"up":{"uv":[2.5,2.5,0,0],"texture":"#0"},"down":{"uv":[2.5,2.5,0,5],"texture":"#0"}}},{"from":[4,2,4],"to":[12,4,12],"rotation":{"angle":0,"axis":"y","origin":[8,2,7]},"faces":{"north":{"uv":[9.5,3.5,11.5,4],"texture":"#0"},"east":{"uv":[9.5,4,11.5,4.5],"texture":"#0"},"south":{"uv":[4.25,9.5,6.25,10],"texture":"#0"},"west":{"uv":[9.5,4.5,11.5,5],"texture":"#0"},"up":{"uv":[8,4.25,6,2.25],"texture":"#0"},"down":{"uv":[8,4.25,6,6.25],"texture":"#0"}}},{"from":[3.5,20,3.5],"to":[12.5,22,12.5],"rotation":{"angle":0,"axis":"y","origin":[8,20,7]},"faces":{"north":{"uv":[9.5,1.5,11.75,2],"texture":"#0"},"east":{"uv":[9.5,2,11.75,2.5],"texture":"#0"},"south":{"uv":[9.5,2.5,11.75,3],"texture":"#0"},"west":{"uv":[9.5,3,11.75,3.5],"texture":"#0"},"up":{"uv":[4.75,2.25,2.5,0],"texture":"#0"},"down":{"uv":[4.75,2.25,2.5,4.5],"texture":"#0"}}},{"from":[3.5,26,3.5],"to":[12.5,27,12.5],"rotation":{"angle":0,"axis":"y","origin":[8,26,7]},"faces":{"north":{"uv":[9.5,5,11.75,5.25],"texture":"#0"},"east":{"uv":[9.5,5.25,11.75,5.5],"texture":"#0"},"south":{"uv":[9.5,5.5,11.75,5.75],"texture":"#0"},"west":{"uv":[9.5,5.75,11.75,6],"texture":"#0"},"up":{"uv":[4.75,6.75,2.5,4.5],"texture":"#0"},"down":{"uv":[7,0,4.75,2.25],"texture":"#0"}}},{"from":[9.5,27,3.5],"to":[12.5,29,6.5],"rotation":{"angle":0,"axis":"y","origin":[8,27,7]},"faces":{"north":{"uv":[3.75,8.75,4.5,9.25],"texture":"#0"},"east":{"uv":[4.75,10,5.5,10.5],"texture":"#0"},"south":{"uv":[5.5,10,6.25,10.5],"texture":"#0"},"west":{"uv":[7,10,7.75,10.5],"texture":"#0"},"up":{"uv":[7.75,2.25,7,1.5],"texture":"#0"},"down":{"uv":[8,8.25,7.25,9],"texture":"#0"}}},{"from":[3.5,27,3.5],"to":[6.5,29,6.5],"rotation":{"angle":0,"axis":"y","origin":[2,27,7]},"faces":{"north":{"uv":[7.75,10,8.5,10.5],"texture":"#0"},"east":{"uv":[8.5,10,9.25,10.5],"texture":"#0"},"south":{"uv":[9.25,10,10,10.5],"texture":"#0"},"west":{"uv":[10,10,10.75,10.5],"texture":"#0"},"up":{"uv":[10.25,6.75,9.5,6],"texture":"#0"},"down":{"uv":[7,9.5,6.25,10.25],"texture":"#0"}}},{"from":[9.5,27,9.5],"to":[12.5,29,12.5],"rotation":{"angle":0,"axis":"y","origin":[8,27,13]},"faces":{"north":{"uv":[0.75,10.25,1.5,10.75],"texture":"#0"},"east":{"uv":[1.5,10.25,2.25,10.75],"texture":"#0"},"south":{"uv":[2.25,10.25,3,10.75],"texture":"#0"},"west":{"uv":[3,10.25,3.75,10.75],"texture":"#0"},"up":{"uv":[10.25,7.5,9.5,6.75],"texture":"#0"},"down":{"uv":[10.25,7.5,9.5,8.25],"texture":"#0"}}},{"from":[3.5,27,9.5],"to":[6.5,29,12.5],"rotation":{"angle":0,"axis":"y","origin":[2,27,13]},"faces":{"north":{"uv":[3.75,10.25,4.5,10.75],"texture":"#0"},"east":{"uv":[10.25,6,11,6.5],"texture":"#0"},"south":{"uv":[6.25,10.25,7,10.75],"texture":"#0"},"west":{"uv":[10.25,6.5,11,7],"texture":"#0"},"up":{"uv":[10.25,9,9.5,8.25],"texture":"#0"},"down":{"uv":[0.75,9.75,0,10.5],"texture":"#0"}}},{"from":[3.5,27,7],"to":[6.5,29,9],"rotation":{"angle":0,"axis":"y","origin":[2,27,10.5]},"faces":{"north":{"uv":[10.25,7,11,7.5],"texture":"#0"},"east":{"uv":[3.25,10.75,3.75,11.25],"texture":"#0"},"south":{"uv":[10.25,7.5,11,8],"texture":"#0"},"west":{"uv":[3.75,10.75,4.25,11.25],"texture":"#0"},"up":{"uv":[11,8.5,10.25,8],"texture":"#0"},"down":{"uv":[11,8.5,10.25,9],"texture":"#0"}}},{"from":[9.5,27,7],"to":[12.5,29,9],"rotation":{"angle":0,"axis":"y","origin":[8,27,10.5]},"faces":{"north":{"uv":[10.25,9,11,9.5],"texture":"#0"},"east":{"uv":[6,10.75,6.5,11.25],"texture":"#0"},"south":{"uv":[0,10.5,0.75,11],"texture":"#0"},"west":{"uv":[6.5,10.75,7,11.25],"texture":"#0"},"up":{"uv":[5.25,11,4.5,10.5],"texture":"#0"},"down":{"uv":[6,10.5,5.25,11],"texture":"#0"}}},{"from":[7,27,3.5],"to":[9,29,6.5],"rotation":{"angle":0,"axis":"y","origin":[5,27,7.5]},"faces":{"north":{"uv":[0,11,0.5,11.5],"texture":"#0"},"east":{"uv":[7,10.5,7.75,11],"texture":"#0"},"south":{"uv":[11,0.75,11.5,1.25],"texture":"#0"},"west":{"uv":[7.75,10.5,8.5,11],"texture":"#0"},"up":{"uv":[9,11.25,8.5,10.5],"texture":"#0"},"down":{"uv":[9.5,10.5,9,11.25],"texture":"#0"}}},{"from":[7,27,9.5],"to":[9,29,12.5],"rotation":{"angle":0,"axis":"y","origin":[5,27,13.5]},"faces":{"north":{"uv":[1.75,11,2.25,11.5],"texture":"#0"},"east":{"uv":[9.5,10.5,10.25,11],"texture":"#0"},"south":{"uv":[2.25,11,2.75,11.5],"texture":"#0"},"west":{"uv":[10.25,10.5,11,11],"texture":"#0"},"up":{"uv":[1.25,11.5,0.75,10.75],"texture":"#0"},"down":{"uv":[1.75,10.75,1.25,11.5],"texture":"#0"}}},{"from":[5,4,5],"to":[11,5,11],"rotation":{"angle":0,"axis":"y","origin":[8,4,7]},"faces":{"north":{"uv":[4.25,9.25,5.75,9.5],"texture":"#0"},"east":{"uv":[10.25,9.5,11.75,9.75],"texture":"#0"},"south":{"uv":[1.75,10.75,3.25,11],"texture":"#0"},"west":{"uv":[10.75,10,12.25,10.25],"texture":"#0"},"up":{"uv":[9.5,4.5,8,3],"texture":"#0"},"down":{"uv":[9.5,4.5,8,6],"texture":"#0"}}},{"from":[5,19,5],"to":[11,20,11],"rotation":{"angle":0,"axis":"y","origin":[8,19,7]},"faces":{"north":{"uv":[10.75,10.25,12.25,10.5],"texture":"#0"},"east":{"uv":[11,0,12.5,0.25],"texture":"#0"},"south":{"uv":[11,0.25,12.5,0.5],"texture":"#0"},"west":{"uv":[11,0.5,12.5,0.75],"texture":"#0"},"up":{"uv":[9.5,7.5,8,6],"texture":"#0"},"down":{"uv":[9.5,7.5,8,9],"texture":"#0"}}},{"from":[4,22,4],"to":[12,23,12],"rotation":{"angle":0,"axis":"y","origin":[8,23,7]},"faces":{"north":{"uv":[7,9.75,9,10],"texture":"#0"},"east":{"uv":[9,9.75,11,10],"texture":"#0"},"south":{"uv":[0.75,10,2.75,10.25],"texture":"#0"},"west":{"uv":[2.75,10,4.75,10.25],"texture":"#0"},"up":{"uv":[8,8.25,6,6.25],"texture":"#0"},"down":{"uv":[4.5,6.75,2.5,8.75],"texture":"#0"}}},{"from":[5,23,5],"to":[11,26,11],"rotation":{"angle":0,"axis":"y","origin":[8,24,7]},"faces":{"north":{"uv":[7.25,9,8.75,9.75],"texture":"#0"},"east":{"uv":[8.75,9,10.25,9.75],"texture":"#0"},"south":{"uv":[1.25,9.25,2.75,10],"texture":"#0"},"west":{"uv":[2.75,9.25,4.25,10],"texture":"#0"},"up":{"uv":[8.5,1.5,7,0],"texture":"#0"},"down":{"uv":[9.5,1.5,8,3],"texture":"#0"}}},{"from":[5.3,5,5.3],"to":[10.7,19,10.7],"rotation":{"angle":0,"axis":"y","origin":[8,5,7]},"faces":{"north":{"uv":[4.75,2.25,6,5.75],"texture":"#0"},"east":{"uv":[0,5,1.25,8.5],"texture":"#0"},"south":{"uv":[1.25,5,2.5,8.5],"texture":"#0"},"west":{"uv":[4.75,5.75,6,9.25],"texture":"#0"},"up":{"uv":[7.25,9.5,6,8.25],"texture":"#0"},"down":{"uv":[1.25,8.5,0,9.75],"texture":"#0"}}}]}