{"display":{"head":{"scale":[3,3,3]}},"texture_size":[64,64],"textures":{"0":"item/blaze_powder/chess_knight_white","particle":"item/blaze_powder/chess_knight_white"},"elements":[{"from":[3,0,3],"to":[13,2,13],"rotation":{"angle":0,"axis":"y","origin":[8,0,7]},"faces":{"north":{"uv":[8.25,5.5,10.75,6],"texture":"#0"},"east":{"uv":[8.25,6,10.75,6.5],"texture":"#0"},"south":{"uv":[6.75,8.25,9.25,8.75],"texture":"#0"},"west":{"uv":[8.5,0,11,0.5],"texture":"#0"},"up":{"uv":[2.5,2.5,0,0],"texture":"#0"},"down":{"uv":[2.5,2.5,0,5],"texture":"#0"}}},{"from":[4,2,4],"to":[12,4,12],"rotation":{"angle":0,"axis":"y","origin":[8,2,7]},"faces":{"north":{"uv":[8.5,2,10.5,2.5],"texture":"#0"},"east":{"uv":[6.75,8.75,8.75,9.25],"texture":"#0"},"south":{"uv":[8.75,8.75,10.75,9.25],"texture":"#0"},"west":{"uv":[9,6.5,11,7],"texture":"#0"},"up":{"uv":[4.5,2,2.5,0],"texture":"#0"},"down":{"uv":[4.5,2,2.5,4],"texture":"#0"}}},{"from":[4,13,4.5],"to":[12,20.2,11.5],"rotation":{"angle":0,"axis":"y","origin":[8,13,7]},"faces":{"north":{"uv":[2.5,4,4.5,5.75],"texture":"#0"},"east":{"uv":[0,5,1.75,6.75],"texture":"#0"},"south":{"uv":[4.5,0,6.5,1.75],"texture":"#0"},"west":{"uv":[4.5,5.25,6.25,7],"texture":"#0"},"up":{"uv":[6.5,3.5,4.5,1.75],"texture":"#0"},"down":{"uv":[6.5,3.5,4.5,5.25],"texture":"#0"}}},{"from":[5,4,5],"to":[11,5,11],"rotation":{"angle":0,"axis":"y","origin":[8,4,7]},"faces":{"north":{"uv":[9.25,4,10.75,4.25],"texture":"#0"},"east":{"uv":[9.25,8.5,10.75,8.75],"texture":"#0"},"south":{"uv":[9.25,9.25,10.75,9.5],"texture":"#0"},"west":{"uv":[2.75,9.5,4.25,9.75],"texture":"#0"},"up":{"uv":[8,4,6.5,2.5],"texture":"#0"},"down":{"uv":[7.75,6.5,6.25,8],"texture":"#0"}}},{"from":[5,10,5],"to":[11,13,11],"rotation":{"angle":0,"axis":"y","origin":[8,12,7]},"faces":{"north":{"uv":[8.5,0.5,10,1.25],"texture":"#0"},"east":{"uv":[1.25,8.5,2.75,9.25],"texture":"#0"},"south":{"uv":[8.5,1.25,10,2],"texture":"#0"},"west":{"uv":[2.75,8.75,4.25,9.5],"texture":"#0"},"up":{"uv":[1.5,8.25,0,6.75],"texture":"#0"},"down":{"uv":[3,7,1.5,8.5],"texture":"#0"}}},{"from":[5.3,5,5.3],"to":[10.7,12,10.7],"rotation":{"angle":0,"axis":"y","origin":[8,5,7]},"faces":{"north":{"uv":[3,7,4.25,8.75],"texture":"#0"},"east":{"uv":[4.25,7,5.5,8.75],"texture":"#0"},"south":{"uv":[7.75,6.5,9,8.25],"texture":"#0"},"west":{"uv":[8,2.5,9.25,4.25],"texture":"#0"},"up":{"uv":[7.75,5.25,6.5,4],"texture":"#0"},"down":{"uv":[6.75,8,5.5,9.25],"texture":"#0"}}},{"from":[0,12.3,5.3],"to":[8,17.7,10.7],"rotation":{"angle":22.5,"axis":"z","origin":[1,15,7]},"faces":{"north":{"uv":[1.75,5.75,3.75,7],"texture":"#0"},"east":{"uv":[0,8.25,1.25,9.5],"texture":"#0"},"south":{"uv":[6.25,5.25,8.25,6.5],"texture":"#0"},"west":{"uv":[8.25,4.25,9.5,5.5],"texture":"#0"},"up":{"uv":[8.5,1.25,6.5,0],"texture":"#0"},"down":{"uv":[8.5,1.25,6.5,2.5],"texture":"#0"}}},{"from":[-0.5,9.8,5.8],"to":[1,14.2,10.2],"rotation":{"angle":22.5,"axis":"z","origin":[-6,12,7]},"faces":{"north":{"uv":[3.75,5.75,4.25,6.75],"texture":"#0"},"east":{"uv":[4.25,8.75,5.25,9.75],"texture":"#0"},"south":{"uv":[5.5,7,6,8],"texture":"#0"},"west":{"uv":[9,7,10,8],"texture":"#0"},"up":{"uv":[8.25,5.25,7.75,4.25],"texture":"#0"},"down":{"uv":[2.75,9.25,2.25,10.25],"texture":"#0"}}},{"from":[6,18,4],"to":[11,21,6],"rotation":{"angle":-45,"axis":"z","origin":[9,18,4]},"faces":{"north":{"uv":[1.25,9.25,2.25,10],"texture":"#0"},"east":{"uv":[1.75,5,2.25,5.75],"texture":"#0"},"south":{"uv":[9.25,2.5,10.25,3.25],"texture":"#0"},"west":{"uv":[0,9.5,0.5,10.25],"texture":"#0"},"up":{"uv":[7.25,9.75,6.25,9.25],"texture":"#0"},"down":{"uv":[8.25,9.25,7.25,9.75],"texture":"#0"}}},{"from":[6,18,10],"to":[11,21,12],"rotation":{"angle":-45,"axis":"z","origin":[9,18,10]},"faces":{"north":{"uv":[9.25,3.25,10.25,4],"texture":"#0"},"east":{"uv":[0.5,9.5,1,10.25],"texture":"#0"},"south":{"uv":[5.25,9.25,6.25,10],"texture":"#0"},"west":{"uv":[9.5,4.25,10,5],"texture":"#0"},"up":{"uv":[10.25,8.5,9.25,8],"texture":"#0"},"down":{"uv":[9.25,9.25,8.25,9.75],"texture":"#0"}}}]}