{"display":{"head":{"scale":[3,3,3]}},"texture_size":[64,64],"textures":{"0":"item/blaze_powder/chess_bishop_black","particle":"item/blaze_powder/chess_bishop_black"},"elements":[{"from":[3,0,3],"to":[13,2,13],"rotation":{"angle":0,"axis":"y","origin":[8,0,7]},"faces":{"north":{"uv":[0,8.5,2.5,9],"texture":"#0"},"east":{"uv":[6.5,8.5,9,9],"texture":"#0"},"south":{"uv":[0,9,2.5,9.5],"texture":"#0"},"west":{"uv":[6.5,9,9,9.5],"texture":"#0"},"up":{"uv":[2.5,2.5,0,0],"texture":"#0"},"down":{"uv":[2.5,2.5,0,5],"texture":"#0"}}},{"from":[4,2,4],"to":[12,4,12],"rotation":{"angle":0,"axis":"y","origin":[8,2,7]},"faces":{"north":{"uv":[2.5,9.25,4.5,9.75],"texture":"#0"},"east":{"uv":[9.25,2.5,11.25,3],"texture":"#0"},"south":{"uv":[9.25,3,11.25,3.5],"texture":"#0"},"west":{"uv":[9.25,3.5,11.25,4],"texture":"#0"},"up":{"uv":[4.5,6.5,2.5,4.5],"texture":"#0"},"down":{"uv":[6.5,4.5,4.5,6.5],"texture":"#0"}}},{"from":[4,17,4],"to":[12,19,12],"rotation":{"angle":0,"axis":"y","origin":[8,17,7]},"faces":{"north":{"uv":[9.25,4,11.25,4.5],"texture":"#0"},"east":{"uv":[4.5,9.25,6.5,9.75],"texture":"#0"},"south":{"uv":[9.25,4.5,11.25,5],"texture":"#0"},"west":{"uv":[9.25,5,11.25,5.5],"texture":"#0"},"up":{"uv":[6.75,2,4.75,0],"texture":"#0"},"down":{"uv":[6.75,2,4.75,4],"texture":"#0"}}},{"from":[4,20,4],"to":[12,21,12],"rotation":{"angle":0,"axis":"y","origin":[8,20,7]},"faces":{"north":{"uv":[9.25,5.5,11.25,5.75],"texture":"#0"},"east":{"uv":[9.25,8.25,11.25,8.5],"texture":"#0"},"south":{"uv":[0,9.5,2,9.75],"texture":"#0"},"west":{"uv":[9.5,0,11.5,0.25],"texture":"#0"},"up":{"uv":[2,7,0,5],"texture":"#0"},"down":{"uv":[4,6.5,2,8.5],"texture":"#0"}}},{"from":[5,4,5],"to":[11,5,11],"rotation":{"angle":0,"axis":"y","origin":[8,4,7]},"faces":{"north":{"uv":[6.5,8.25,8,8.5],"texture":"#0"},"east":{"uv":[2.5,9,4,9.25],"texture":"#0"},"south":{"uv":[9.5,0.25,11,0.5],"texture":"#0"},"west":{"uv":[9.5,0.5,11,0.75],"texture":"#0"},"up":{"uv":[8,8.25,6.5,6.75],"texture":"#0"},"down":{"uv":[1.5,7,0,8.5],"texture":"#0"}}},{"from":[5,16,5],"to":[11,17,11],"rotation":{"angle":0,"axis":"y","origin":[8,16,7]},"faces":{"north":{"uv":[9.5,0.75,11,1],"texture":"#0"},"east":{"uv":[9.5,1,11,1.25],"texture":"#0"},"south":{"uv":[9.5,1.25,11,1.5],"texture":"#0"},"west":{"uv":[9.5,5.75,11,6],"texture":"#0"},"up":{"uv":[9.25,4.25,7.75,2.75],"texture":"#0"},"down":{"uv":[9.25,4.25,7.75,5.75],"texture":"#0"}}},{"from":[3.5,18,3.5],"to":[12.5,20,12.5],"rotation":{"angle":0,"axis":"y","origin":[8,19,7]},"faces":{"north":{"uv":[9,8.5,11.25,9],"texture":"#0"},"east":{"uv":[9,9,11.25,9.5],"texture":"#0"},"south":{"uv":[9.25,1.5,11.5,2],"texture":"#0"},"west":{"uv":[9.25,2,11.5,2.5],"texture":"#0"},"up":{"uv":[4.75,2.25,2.5,0],"texture":"#0"},"down":{"uv":[4.75,2.25,2.5,4.5],"texture":"#0"}}},{"from":[5,21,5],"to":[11,23,11],"rotation":{"angle":0,"axis":"y","origin":[8,21,7]},"faces":{"north":{"uv":[4.75,4,6.25,4.5],"texture":"#0"},"east":{"uv":[2.5,8.5,4,9],"texture":"#0"},"south":{"uv":[9.25,7.25,10.75,7.75],"texture":"#0"},"west":{"uv":[9.25,7.75,10.75,8.25],"texture":"#0"},"up":{"uv":[9.5,1.5,8,0],"texture":"#0"},"down":{"uv":[9.5,5.75,8,7.25],"texture":"#0"}}},{"from":[7,23,7],"to":[9,25,9],"rotation":{"angle":0,"axis":"y","origin":[8,23,7]},"faces":{"north":{"uv":[2,5,2.5,5.5],"texture":"#0"},"east":{"uv":[2,5.5,2.5,6],"texture":"#0"},"south":{"uv":[2,6,2.5,6.5],"texture":"#0"},"west":{"uv":[6.75,2.75,7.25,3.25],"texture":"#0"},"up":{"uv":[7.25,3.75,6.75,3.25],"texture":"#0"},"down":{"uv":[2,7,1.5,7.5],"texture":"#0"}}},{"from":[5.3,5,5.3],"to":[10.7,16,10.7],"rotation":{"angle":0,"axis":"y","origin":[8,5,7]},"faces":{"north":{"uv":[4,6.5,5.25,9.25],"texture":"#0"},"east":{"uv":[6.5,4,7.75,6.75],"texture":"#0"},"south":{"uv":[5.25,6.5,6.5,9.25],"texture":"#0"},"west":{"uv":[6.75,0,8,2.75],"texture":"#0"},"up":{"uv":[9.25,2.75,8,1.5],"texture":"#0"},"down":{"uv":[9.25,7.25,8,8.5],"texture":"#0"}}}]}