{"display":{"head":{"scale":[3,3,3]}},"texture_size":[64,64],"textures":{"0":"item/blaze_powder/chess_pawn_black","particle":"item/blaze_powder/chess_pawn_black"},"elements":[{"from":[3,0,3],"to":[13,2,13],"rotation":{"angle":0,"axis":"y","origin":[8,0,7]},"faces":{"north":{"uv":[6.5,1.25,9,1.75],"texture":"#0"},"east":{"uv":[5.5,7,8,7.5],"texture":"#0"},"south":{"uv":[7.25,3.5,9.75,4],"texture":"#0"},"west":{"uv":[7.25,4,9.75,4.5],"texture":"#0"},"up":{"uv":[2.5,2.5,0,0],"texture":"#0"},"down":{"uv":[2.5,2.5,0,5],"texture":"#0"}}},{"from":[4,2,4],"to":[12,4,12],"rotation":{"angle":0,"axis":"y","origin":[8,2,7]},"faces":{"north":{"uv":[7.25,4.5,9.25,5],"texture":"#0"},"east":{"uv":[7.25,5,9.25,5.5],"texture":"#0"},"south":{"uv":[7.25,5.5,9.25,6],"texture":"#0"},"west":{"uv":[7.25,6,9.25,6.5],"texture":"#0"},"up":{"uv":[4.5,2,2.5,0],"texture":"#0"},"down":{"uv":[4.5,2,2.5,4],"texture":"#0"}}},{"from":[4,13,4],"to":[12,15,12],"rotation":{"angle":0,"axis":"y","origin":[8,13,7]},"faces":{"north":{"uv":[7.25,6.5,9.25,7],"texture":"#0"},"east":{"uv":[7.5,1.75,9.5,2.25],"texture":"#0"},"south":{"uv":[7.5,2.25,9.5,2.75],"texture":"#0"},"west":{"uv":[7.5,2.75,9.5,3.25],"texture":"#0"},"up":{"uv":[4.5,6,2.5,4],"texture":"#0"},"down":{"uv":[6.5,0,4.5,2],"texture":"#0"}}},{"from":[5,4,5],"to":[11,5,11],"rotation":{"angle":0,"axis":"y","origin":[8,4,7]},"faces":{"north":{"uv":[1.25,7.5,2.75,7.75],"texture":"#0"},"east":{"uv":[7.5,3.25,9,3.5],"texture":"#0"},"south":{"uv":[5.5,7.5,7,7.75],"texture":"#0"},"west":{"uv":[7,7.5,8.5,7.75],"texture":"#0"},"up":{"uv":[6,3.5,4.5,2],"texture":"#0"},"down":{"uv":[6,3.5,4.5,5],"texture":"#0"}}},{"from":[5,12,5],"to":[11,13,11],"rotation":{"angle":0,"axis":"y","origin":[8,12,7]},"faces":{"north":{"uv":[7.75,0,9.25,0.25],"texture":"#0"},"east":{"uv":[7.75,0.25,9.25,0.5],"texture":"#0"},"south":{"uv":[7.75,0.5,9.25,0.75],"texture":"#0"},"west":{"uv":[7.75,0.75,9.25,1],"texture":"#0"},"up":{"uv":[1.5,6.5,0,5],"texture":"#0"},"down":{"uv":[6,5,4.5,6.5],"texture":"#0"}}},{"from":[5,15,5],"to":[11,16,11],"rotation":{"angle":0,"axis":"y","origin":[8,15,7]},"faces":{"north":{"uv":[7.75,1,9.25,1.25],"texture":"#0"},"east":{"uv":[1.25,7.75,2.75,8],"texture":"#0"},"south":{"uv":[2.75,7.75,4.25,8],"texture":"#0"},"west":{"uv":[4.25,7.75,5.75,8],"texture":"#0"},"up":{"uv":[3,7.5,1.5,6],"texture":"#0"},"down":{"uv":[7.5,2,6,3.5],"texture":"#0"}}},{"from":[5.3,5,5.3],"to":[10.7,12,10.7],"rotation":{"angle":0,"axis":"y","origin":[8,5,7]},"faces":{"north":{"uv":[3,6,4.25,7.75],"texture":"#0"},"east":{"uv":[6,3.5,7.25,5.25],"texture":"#0"},"south":{"uv":[6,5.25,7.25,7],"texture":"#0"},"west":{"uv":[0,6.5,1.25,8.25],"texture":"#0"},"up":{"uv":[7.75,1.25,6.5,0],"texture":"#0"},"down":{"uv":[5.5,6.5,4.25,7.75],"texture":"#0"}}}]}