{"display":{"head":{"scale":[3,3,3]}},"texture_size":[64,64],"textures":{"0":"item/blaze_powder/chess_rook_black","particle":"item/blaze_powder/chess_rook_black"},"elements":[{"from":[3,16,3],"to":[7,19,7],"rotation":{"angle":0,"axis":"y","origin":[3,16,3]},"faces":{"north":{"uv":[8,7.5,9,8.25],"texture":"#0"},"east":{"uv":[0,8.25,1,9],"texture":"#0"},"south":{"uv":[1,8.25,2,9],"texture":"#0"},"west":{"uv":[2,8.25,3,9],"texture":"#0"},"up":{"uv":[2.5,6,1.5,5],"texture":"#0"},"down":{"uv":[8.25,3.5,7.25,4.5],"texture":"#0"}}},{"from":[9,16,3],"to":[13,19,7],"rotation":{"angle":0,"axis":"y","origin":[10,16,3]},"faces":{"north":{"uv":[3,8.25,4,9],"texture":"#0"},"east":{"uv":[8.25,3.5,9.25,4.25],"texture":"#0"},"south":{"uv":[4,8.25,5,9],"texture":"#0"},"west":{"uv":[8.25,4.25,9.25,5],"texture":"#0"},"up":{"uv":[5,8.25,4,7.25],"texture":"#0"},"down":{"uv":[8.25,4.5,7.25,5.5],"texture":"#0"}}},{"from":[3,16,9],"to":[7,19,13],"rotation":{"angle":0,"axis":"y","origin":[3,16,10]},"faces":{"north":{"uv":[5,8.25,6,9],"texture":"#0"},"east":{"uv":[8.25,5,9.25,5.75],"texture":"#0"},"south":{"uv":[8.25,5.75,9.25,6.5],"texture":"#0"},"west":{"uv":[8,8.25,9,9],"texture":"#0"},"up":{"uv":[6,8.25,5,7.25],"texture":"#0"},"down":{"uv":[8.25,5.5,7.25,6.5],"texture":"#0"}}},{"from":[9,16,9],"to":[13,19,13],"rotation":{"angle":0,"axis":"y","origin":[10,16,10]},"faces":{"north":{"uv":[8.5,0,9.5,0.75],"texture":"#0"},"east":{"uv":[8.5,0.75,9.5,1.5],"texture":"#0"},"south":{"uv":[6,8.5,7,9.25],"texture":"#0"},"west":{"uv":[7,8.5,8,9.25],"texture":"#0"},"up":{"uv":[7,8.5,6,7.5],"texture":"#0"},"down":{"uv":[8,7.5,7,8.5],"texture":"#0"}}},{"from":[10,16,7],"to":[13,17,9],"rotation":{"angle":0,"axis":"y","origin":[10,16,6]},"faces":{"north":{"uv":[7.25,6.5,8,6.75],"texture":"#0"},"east":{"uv":[4,6,4.5,6.25],"texture":"#0"},"south":{"uv":[9.25,3.5,10,3.75],"texture":"#0"},"west":{"uv":[4,6.25,4.5,6.5],"texture":"#0"},"up":{"uv":[0.75,9.5,0,9],"texture":"#0"},"down":{"uv":[1.5,9,0.75,9.5],"texture":"#0"}}},{"from":[3,16,7],"to":[6,17,9],"rotation":{"angle":0,"axis":"y","origin":[3,16,6]},"faces":{"north":{"uv":[9.25,3.75,10,4],"texture":"#0"},"east":{"uv":[5,9.25,5.5,9.5],"texture":"#0"},"south":{"uv":[9.25,4,10,4.25],"texture":"#0"},"west":{"uv":[9.25,5,9.75,5.25],"texture":"#0"},"up":{"uv":[2.25,9.5,1.5,9],"texture":"#0"},"down":{"uv":[9.75,1.5,9,2],"texture":"#0"}}},{"from":[7,16,3],"to":[9,17,6],"rotation":{"angle":0,"axis":"y","origin":[7,16,3]},"faces":{"north":{"uv":[9.25,5.25,9.75,5.5],"texture":"#0"},"east":{"uv":[4.25,9.25,5,9.5],"texture":"#0"},"south":{"uv":[5.5,9.25,6,9.5],"texture":"#0"},"west":{"uv":[9.25,4.25,10,4.5],"texture":"#0"},"up":{"uv":[2.75,9.75,2.25,9],"texture":"#0"},"down":{"uv":[3.25,9,2.75,9.75],"texture":"#0"}}},{"from":[7,16,10],"to":[9,17,13],"rotation":{"angle":0,"axis":"y","origin":[7,16,10]},"faces":{"north":{"uv":[9.25,5.5,9.75,5.75],"texture":"#0"},"east":{"uv":[9.25,4.5,10,4.75],"texture":"#0"},"south":{"uv":[9.25,5.75,9.75,6],"texture":"#0"},"west":{"uv":[9.25,4.75,10,5],"texture":"#0"},"up":{"uv":[3.75,9.75,3.25,9],"texture":"#0"},"down":{"uv":[4.25,9,3.75,9.75],"texture":"#0"}}},{"from":[3,0,3],"to":[13,2,13],"rotation":{"angle":0,"axis":"y","origin":[8,0,7]},"faces":{"north":{"uv":[6.5,1.5,9,2],"texture":"#0"},"east":{"uv":[7.25,2,9.75,2.5],"texture":"#0"},"south":{"uv":[7.25,2.5,9.75,3],"texture":"#0"},"west":{"uv":[7.25,3,9.75,3.5],"texture":"#0"},"up":{"uv":[2.5,2.5,0,0],"texture":"#0"},"down":{"uv":[2.5,2.5,0,5],"texture":"#0"}}},{"from":[4,2,4],"to":[12,4,12],"rotation":{"angle":0,"axis":"y","origin":[8,2,7]},"faces":{"north":{"uv":[0,7.75,2,8.25],"texture":"#0"},"east":{"uv":[2,7.75,4,8.25],"texture":"#0"},"south":{"uv":[8,6.5,10,7],"texture":"#0"},"west":{"uv":[8,7,10,7.5],"texture":"#0"},"up":{"uv":[4.5,2,2.5,0],"texture":"#0"},"down":{"uv":[4.5,2,2.5,4],"texture":"#0"}}},{"from":[4,13,4],"to":[12,16,12],"rotation":{"angle":0,"axis":"y","origin":[8,13,7]},"faces":{"north":{"uv":[6.5,0,8.5,0.75],"texture":"#0"},"east":{"uv":[6.5,0.75,8.5,1.5],"texture":"#0"},"south":{"uv":[4,6.5,6,7.25],"texture":"#0"},"west":{"uv":[6,6.75,8,7.5],"texture":"#0"},"up":{"uv":[4.5,6,2.5,4],"texture":"#0"},"down":{"uv":[6.5,0,4.5,2],"texture":"#0"}}},{"from":[5,4,5],"to":[11,5,11],"rotation":{"angle":0,"axis":"y","origin":[8,4,7]},"faces":{"north":{"uv":[4.25,9,5.75,9.25],"texture":"#0"},"east":{"uv":[9,7.5,10.5,7.75],"texture":"#0"},"south":{"uv":[9,7.75,10.5,8],"texture":"#0"},"west":{"uv":[8,9,9.5,9.25],"texture":"#0"},"up":{"uv":[6,3.5,4.5,2],"texture":"#0"},"down":{"uv":[6,3.5,4.5,5],"texture":"#0"}}},{"from":[5,12,5],"to":[11,13,11],"rotation":{"angle":0,"axis":"y","origin":[8,12,7]},"faces":{"north":{"uv":[9,8,10.5,8.25],"texture":"#0"},"east":{"uv":[9,8.25,10.5,8.5],"texture":"#0"},"south":{"uv":[9,8.5,10.5,8.75],"texture":"#0"},"west":{"uv":[9,8.75,10.5,9],"texture":"#0"},"up":{"uv":[1.5,6.5,0,5],"texture":"#0"},"down":{"uv":[6,5,4.5,6.5],"texture":"#0"}}},{"from":[5.3,5,5.3],"to":[10.7,12,10.7],"rotation":{"angle":0,"axis":"y","origin":[8,5,7]},"faces":{"north":{"uv":[1.5,6,2.75,7.75],"texture":"#0"},"east":{"uv":[6,2,7.25,3.75],"texture":"#0"},"south":{"uv":[2.75,6,4,7.75],"texture":"#0"},"west":{"uv":[6,3.75,7.25,5.5],"texture":"#0"},"up":{"uv":[7.25,6.75,6,5.5],"texture":"#0"},"down":{"uv":[1.25,6.5,0,7.75],"texture":"#0"}}}]}