{"credit":"Made with Blockbench","texture_size":[64,64],"textures":{"0":"custom/items/ankh_scepter","particle":"custom/items/ankh_scepter"},"elements":[{"from":[7,0,0],"to":[9,2,32],"faces":{"north":{"uv":[4.5,2,5,2.5],"texture":"#0"},"east":{"uv":[0,0,8,0.5],"texture":"#0"},"south":{"uv":[7.5,1.5,8,2],"texture":"#0"},"west":{"uv":[0,0.5,8,1],"texture":"#0"},"up":{"uv":[0.5,9,0,1],"texture":"#0"},"down":{"uv":[1,1,0.5,9],"texture":"#0"}}},{"from":[8,-3,2.5],"to":[8,0,16.5],"rotation":{"angle":0,"axis":"y","origin":[0,16,0]},"faces":{"north":{"uv":[0,0.75,0,0],"texture":"#0"},"east":{"uv":[1,1.75,4.5,1],"texture":"#0"},"south":{"uv":[0,0.75,0,0],"texture":"#0"},"west":{"uv":[1,2.5,4.5,1.75],"texture":"#0"},"up":{"uv":[0,3.5,0,0],"texture":"#0"},"down":{"uv":[0,0,0,3.5],"texture":"#0"}}},{"from":[5,-2,0],"to":[11,4,3],"faces":{"north":{"uv":[4.25,5.25,5.25,6.25],"texture":"#0"},"east":{"uv":[6.75,2,7.5,3.5],"texture":"#0"},"south":{"uv":[5.25,5.25,6.25,6.25],"texture":"#0"},"west":{"uv":[6.75,3,7.5,4.5],"texture":"#0"},"up":{"uv":[7.5,4.75,6,4],"texture":"#0"},"down":{"uv":[6.25,4,4.75,4.75],"texture":"#0"}}},{"from":[5,-2,4],"to":[11,4,6],"rotation":{"angle":0,"axis":"y","origin":[0,16,0]},"faces":{"north":{"uv":[1,6.5,2,5.5],"texture":"#0"},"east":{"uv":[7,2.5,7.5,1],"texture":"#0"},"south":{"uv":[5.75,3,6.75,2],"texture":"#0"},"west":{"uv":[7,6.5,7.5,5],"texture":"#0"},"up":{"uv":[8,2.5,6.5,2],"texture":"#0"},"down":{"uv":[7.5,7,6,7.5],"texture":"#0"}}},{"from":[6,-1,7],"to":[10,3,9],"faces":{"north":{"uv":[5.75,3,6.75,4],"texture":"#0"},"east":{"uv":[7.25,2.5,7.75,3.5],"texture":"#0"},"south":{"uv":[5.75,4,6.75,5],"texture":"#0"},"west":{"uv":[3.5,7.25,4,8.25],"texture":"#0"},"up":{"uv":[8.25,4,7.25,3.5],"texture":"#0"},"down":{"uv":[2,7.5,1,8],"texture":"#0"}}},{"from":[6.5,-0.75,-9.5],"to":[9.5,3.25,0.5],"rotation":{"angle":45,"axis":"x","origin":[0,0,0]},"faces":{"north":{"uv":[6.25,1,7,2],"texture":"#0"},"east":{"uv":[1,2.5,3.5,3.5],"texture":"#0"},"south":{"uv":[6.25,5,7,6],"texture":"#0"},"west":{"uv":[1,3.5,3.5,4.5],"texture":"#0"},"up":{"uv":[4.25,5,3.5,2.5],"texture":"#0"},"down":{"uv":[5,2.5,4.25,5],"texture":"#0"}}},{"from":[6.5,5.5,-7.75],"to":[9.5,9.5,-0.75],"rotation":{"angle":-45,"axis":"x","origin":[0,0,0]},"faces":{"north":{"uv":[5.75,6.25,6.5,7.25],"texture":"#0"},"east":{"uv":[1,4.5,2.75,5.5],"texture":"#0"},"south":{"uv":[1,6.5,1.75,7.5],"texture":"#0"},"west":{"uv":[4.5,1,6.25,2],"texture":"#0"},"up":{"uv":[3.5,6.25,2.75,4.5],"texture":"#0"},"down":{"uv":[5.75,2,5,3.75],"texture":"#0"}}},{"from":[6.49,0.74,-7.76],"to":[9.51,5.76,-4.74],"rotation":{"angle":-45,"axis":"x","origin":[0,0,0]},"faces":{"north":{"uv":[2,5.5,2.75,6.75],"texture":"#0"},"east":{"uv":[2.75,6.25,3.5,7.5],"texture":"#0"},"south":{"uv":[4.25,6.25,5,7.5],"texture":"#0"},"west":{"uv":[5,6.25,5.75,7.5],"texture":"#0"},"up":{"uv":[4.25,7.25,3.5,6.5],"texture":"#0"},"down":{"uv":[2.5,6.75,1.75,7.5],"texture":"#0"}}},{"from":[6.5,0.15,-7.75],"to":[9.5,2.15,-1.75],"rotation":{"angle":-45,"axis":"x","origin":[0,0,0]},"faces":{"north":{"uv":[5.75,7.25,6.5,7.75],"texture":"#0"},"east":{"uv":[6.5,6,8,6.5],"texture":"#0"},"south":{"uv":[7.5,1,8.25,1.5],"texture":"#0"},"west":{"uv":[6.5,6.5,8,7],"texture":"#0"},"up":{"uv":[4.25,6.5,3.5,5],"texture":"#0"},"down":{"uv":[5.75,3.75,5,5.25],"texture":"#0"}}}],"gui_light":"front","display":{"thirdperson_righthand":{"rotation":[90,0,0],"translation":[0,16,9]},"thirdperson_lefthand":{"rotation":[90,0,0],"translation":[0,16,9]},"firstperson_righthand":{"rotation":[110,0,0],"translation":[4,2,1],"scale":[0.8,0.8,0.8]},"firstperson_lefthand":{"rotation":[110,0,0],"translation":[5,2,1],"scale":[0.8,0.8,0.8]},"ground":{"rotation":[90,0,0],"translation":[0,21.75,6.75]},"gui":{"rotation":[90,-45,90],"translation":[-1.75,3.5,0],"scale":[0.55,0.55,0.55]},"fixed":{"rotation":[90,45,-90],"translation":[2.25,6.25,-1.75]}},"groups":[{"name":"ankh_scepter","origin":[8,8,8],"color":0,"children":[0,1,2,3,4,5,6,7,8]}]}