{"credit":"Made with Blockbench","texture_size":[64,64],"textures":{"0":"custom/models/balloon","particle":"custom/models/balloon"},"elements":[{"name":"string","from":[8,7,7],"to":[8,21,9],"rotation":{"angle":-22.5,"axis":"z","origin":[0,0,0]},"faces":{"north":{"uv":[0,0,0,3.5],"texture":"#0"},"east":{"uv":[10,4,10.5,7.5],"texture":"#0"},"south":{"uv":[0,0,0,3.5],"texture":"#0"},"west":{"uv":[6,10,6.5,13.5],"texture":"#0"},"up":{"uv":[0,0.5,0,0],"texture":"#0"},"down":{"uv":[0,0,0,0.5],"texture":"#0"}}},{"name":"string","from":[7,1,7],"to":[7,15,9],"rotation":{"angle":22.5,"axis":"z","origin":[0,0,0]},"faces":{"north":{"uv":[0,0,0,3.5],"texture":"#0"},"east":{"uv":[6.5,10,7,13.5],"texture":"#0"},"south":{"uv":[0,0,0,3.5],"texture":"#0"},"west":{"uv":[7,10,7.5,13.5],"texture":"#0"},"up":{"uv":[0,0.5,0,0],"texture":"#0"},"down":{"uv":[0,0,0,0.5],"texture":"#0"}}},{"name":"string","from":[7,1,7],"to":[9,15,7],"rotation":{"angle":-22.5,"axis":"x","origin":[0,0,0]},"faces":{"north":{"uv":[7.5,10,8,13.5],"texture":"#0"},"east":{"uv":[0,0,0,3.5],"texture":"#0"},"south":{"uv":[10,7.5,10.5,11],"texture":"#0"},"west":{"uv":[0,0,0,3.5],"texture":"#0"},"up":{"uv":[0.5,0,0,0],"texture":"#0"},"down":{"uv":[0.5,0,0,0],"texture":"#0"}}},{"name":"string","from":[7,7,8],"to":[9,21,8],"rotation":{"angle":22.5,"axis":"x","origin":[0,0,0]},"faces":{"north":{"uv":[8,10,8.5,13.5],"texture":"#0"},"east":{"uv":[0,0,0,3.5],"texture":"#0"},"south":{"uv":[8.5,10,9,13.5],"texture":"#0"},"west":{"uv":[0,0,0,3.5],"texture":"#0"},"up":{"uv":[0.5,0,0,0],"texture":"#0"},"down":{"uv":[0.5,0,0,0],"texture":"#0"}}},{"name":"balloon","from":[0,16,0],"to":[16,32,16],"faces":{"north":{"uv":[0,0,4,4],"texture":"#0"},"east":{"uv":[0,4,4,8],"texture":"#0"},"south":{"uv":[4,0,8,4],"texture":"#0"},"west":{"uv":[4,4,8,8],"texture":"#0"},"up":{"uv":[4,12,0,8],"texture":"#0"},"down":{"uv":[12,0,8,4],"texture":"#0"}}},{"name":"crate","from":[4,-4,4],"to":[12,4,12],"faces":{"north":{"uv":[4,8,6,10],"texture":"#0"},"east":{"uv":[8,4,10,6],"texture":"#0"},"south":{"uv":[6,8,8,10],"texture":"#0"},"west":{"uv":[8,6,10,8],"texture":"#0"},"up":{"uv":[10,10,8,8],"texture":"#0"},"down":{"uv":[6,10,4,12],"texture":"#0"}}}],"display":{"head":{"translation":[0,-39,0],"scale":[2,2,2]}}}