{
	"credit": "Made with Blockbench",
	"texture_size": [32, 32],
	"textures": {
		"0": "custom/models/dynamite",
		"particle": "custom/models/dynamite"
	},
	"elements": [
		{
			"from": [6, 0, 0],
			"to": [10, 4, 16],
			"faces": {
				"north": {"uv": [4, 4, 6, 6], "texture": "#0"},
				"east": {"uv": [0, 0, 8, 2], "texture": "#0"},
				"south": {"uv": [4, 6, 6, 8], "texture": "#0"},
				"west": {"uv": [0, 2, 8, 4], "texture": "#0"},
				"up": {"uv": [2, 12, 0, 4], "texture": "#0"},
				"down": {"uv": [4, 4, 2, 12], "texture": "#0"}
			}
		},
		{
			"from": [12, 1, 15],
			"to": [15, 3, 16],
			"faces": {
				"north": {"uv": [6, 6, 7.5, 7], "texture": "#0"},
				"east": {"uv": [8, 0, 8.5, 1], "texture": "#0"},
				"south": {"uv": [6, 7, 7.5, 8], "texture": "#0"},
				"west": {"uv": [8, 1, 8.5, 2], "texture": "#0"},
				"up": {"uv": [9, 7.5, 7.5, 7], "texture": "#0"},
				"down": {"uv": [9, 7.5, 7.5, 8], "texture": "#0"}
			}
		},
		{
			"from": [8, 1, 16],
			"to": [12, 3, 17],
			"faces": {
				"north": {"uv": [6, 4, 8, 5], "texture": "#0"},
				"east": {"uv": [8, 2, 8.5, 3], "texture": "#0"},
				"south": {"uv": [6, 5, 8, 6], "texture": "#0"},
				"west": {"uv": [8, 3, 8.5, 4], "texture": "#0"},
				"up": {"uv": [9.5, 6.5, 7.5, 6], "texture": "#0"},
				"down": {"uv": [9.5, 6.5, 7.5, 7], "texture": "#0"}
			}
		}
	],
	"display": {
		"head": {
			"translation": [0, -34.5, 0]
		}
	}
}