{
	"credit": "Made with Blockbench",
	"texture_size": [32, 32],
	"textures": {
		"0": "custom/items/golden_skull",
		"particle": "custom/items/golden_skull"
	},
	"elements": [
		{
			"from": [4, 0, 5],
			"to": [12, 8, 12],
			"rotation": {"angle": 0, "axis": "y", "origin": [4, 0, 5]},
			"faces": {
				"north": {"uv": [0, 0, 4, 4], "texture": "#0"},
				"east": {"uv": [4, 0, 7.5, 4], "texture": "#0"},
				"south": {"uv": [0, 4, 4, 8], "texture": "#0"},
				"west": {"uv": [4, 4, 7.5, 8], "texture": "#0"},
				"up": {"uv": [11.5, 3.5, 7.5, 0], "texture": "#0"},
				"down": {"uv": [11.5, 3.5, 7.5, 7], "texture": "#0"}
			}
		},
		{
			"from": [11, 2, 4],
			"to": [12, 8, 5],
			"rotation": {"angle": 0, "axis": "y", "origin": [4, 0, 3]},
			"faces": {
				"north": {"uv": [6, 9, 6.5, 12], "texture": "#0"},
				"east": {"uv": [6.5, 9, 7, 12], "texture": "#0"},
				"south": {"uv": [7, 9, 7.5, 12], "texture": "#0"},
				"west": {"uv": [7.5, 9, 8, 12], "texture": "#0"},
				"up": {"uv": [7.5, 8.5, 7, 8], "texture": "#0"},
				"down": {"uv": [4, 10.5, 3.5, 11], "texture": "#0"}
			}
		},
		{
			"from": [4, 2, 4],
			"to": [5, 8, 5],
			"rotation": {"angle": 0, "axis": "y", "origin": [-3, 0, 3]},
			"faces": {
				"north": {"uv": [8, 9, 8.5, 12], "texture": "#0"},
				"east": {"uv": [8.5, 9, 9, 12], "texture": "#0"},
				"south": {"uv": [9, 9, 9.5, 12], "texture": "#0"},
				"west": {"uv": [0, 9.5, 0.5, 12.5], "texture": "#0"},
				"up": {"uv": [10, 11, 9.5, 10.5], "texture": "#0"},
				"down": {"uv": [11, 9.5, 10.5, 10], "texture": "#0"}
			}
		},
		{
			"from": [5, 5, 4],
			"to": [11, 8, 5],
			"rotation": {"angle": 0, "axis": "y", "origin": [-2, 0, 3]},
			"faces": {
				"north": {"uv": [7.5, 7, 10.5, 8.5], "texture": "#0"},
				"east": {"uv": [5.5, 9.5, 6, 11], "texture": "#0"},
				"south": {"uv": [0, 8, 3, 9.5], "texture": "#0"},
				"west": {"uv": [0.5, 10, 1, 11.5], "texture": "#0"},
				"up": {"uv": [10, 9, 7, 8.5], "texture": "#0"},
				"down": {"uv": [6, 9, 3, 9.5], "texture": "#0"}
			}
		},
		{
			"from": [5, 2, 4],
			"to": [7, 3, 5],
			"rotation": {"angle": 0, "axis": "y", "origin": [-2, -3, 3]},
			"faces": {
				"north": {"uv": [2, 10, 3, 10.5], "texture": "#0"},
				"east": {"uv": [10, 10.5, 10.5, 11], "texture": "#0"},
				"south": {"uv": [3, 10, 4, 10.5], "texture": "#0"},
				"west": {"uv": [10.5, 10, 11, 10.5], "texture": "#0"},
				"up": {"uv": [11, 9, 10, 8.5], "texture": "#0"},
				"down": {"uv": [10.5, 10, 9.5, 10.5], "texture": "#0"}
			}
		},
		{
			"from": [9, 2, 4],
			"to": [11, 3, 5],
			"rotation": {"angle": 0, "axis": "y", "origin": [2, -3, 3]},
			"faces": {
				"north": {"uv": [10.5, 7, 11.5, 7.5], "texture": "#0"},
				"east": {"uv": [10.5, 10.5, 11, 11], "texture": "#0"},
				"south": {"uv": [10.5, 7.5, 11.5, 8], "texture": "#0"},
				"west": {"uv": [1, 11, 1.5, 11.5], "texture": "#0"},
				"up": {"uv": [11.5, 8.5, 10.5, 8], "texture": "#0"},
				"down": {"uv": [11.5, 9, 10.5, 9.5], "texture": "#0"}
			}
		},
		{
			"from": [7, 3, 4],
			"to": [9, 5, 5],
			"rotation": {"angle": 0, "axis": "y", "origin": [-2, -2, 3]},
			"faces": {
				"north": {"uv": [4.5, 9.5, 5.5, 10.5], "texture": "#0"},
				"east": {"uv": [4, 10, 4.5, 11], "texture": "#0"},
				"south": {"uv": [9.5, 9, 10.5, 10], "texture": "#0"},
				"west": {"uv": [2, 10.5, 2.5, 11.5], "texture": "#0"},
				"up": {"uv": [3.5, 11, 2.5, 10.5], "texture": "#0"},
				"down": {"uv": [5.5, 10.5, 4.5, 11], "texture": "#0"}
			}
		},
		{
			"from": [6, 0, 4],
			"to": [10, 2, 5],
			"rotation": {"angle": 0, "axis": "y", "origin": [4, -2, 3]},
			"faces": {
				"north": {"uv": [3, 8, 5, 9], "texture": "#0"},
				"east": {"uv": [1, 10, 1.5, 11], "texture": "#0"},
				"south": {"uv": [5, 8, 7, 9], "texture": "#0"},
				"west": {"uv": [1.5, 10, 2, 11], "texture": "#0"},
				"up": {"uv": [2.5, 10, 0.5, 9.5], "texture": "#0"},
				"down": {"uv": [4.5, 9.5, 2.5, 10], "texture": "#0"}
			}
		}
	],
	"display": {
		"thirdperson_righthand": {
			"rotation": [0, 180, 0],
			"translation": [0, 5.25, -1.5],
			"scale": [0.75, 0.75, 0.75]
		},
		"thirdperson_lefthand": {
			"rotation": [0, 180, 0],
			"translation": [0, 5.25, -1.5],
			"scale": [0.75, 0.75, 0.75]
		},
		"firstperson_righthand": {
			"rotation": [0, 170, 0],
			"translation": [3, 5, -6]
		},
		"firstperson_lefthand": {
			"rotation": [0, 170, 0],
			"translation": [3, 5, -6]
		},
		"ground": {
			"translation": [0, 5.5, 0]
		},
		"gui": {
			"rotation": [30, -135, 0],
			"translation": [0, 3, 0]
		},
		"fixed": {
			"translation": [0, 5, -4.5],
			"scale": [1.5, 1.5, 1.5]
		}
	},
	"groups": [
		{
			"name": "skull",
			"origin": [0, -2, -1],
			"color": 0,
			"children": [0, 1, 2, 3, 4, 5, 6, 7]
		}
	]
}