{"credit":"Made with Blockbench","textures":{"0":"custom/models/adventure_backpack","1":"custom/models/hero_backpack_sword","2":"custom/models/hero_backpack_potion","particle":"custom/models/adventure_backpack"},"elements":[{"from":[5,1,2],"to":[7,6,3],"faces":{"north":{"uv":[1,11,2,13.5],"texture":"#0"},"east":{"uv":[11,12,11.5,14.5],"texture":"#0"},"south":{"uv":[2,11,3,13.5],"texture":"#0"},"west":{"uv":[12.5,11,13,13.5],"texture":"#0"},"up":{"uv":[12,5,11,4.5],"texture":"#0"},"down":{"uv":[11,13,10,13.5],"texture":"#0"}}},{"from":[4,0,3],"to":[8,11,11],"faces":{"north":{"uv":[0,5.5,2,11],"texture":"#0"},"east":{"uv":[0,0,4,5.5],"texture":"#0"},"south":{"uv":[2,5.5,4,11],"texture":"#0"},"west":{"uv":[4,0,8,5.5],"texture":"#0"},"up":{"uv":[6,9.5,4,5.5],"texture":"#0"},"down":{"uv":[8,5.5,6,9.5],"texture":"#0"}}},{"from":[2,1,4],"to":[4,6,10],"faces":{"north":{"uv":[11.5,10.5,12.5,13],"texture":"#0"},"east":{"uv":[8,0,11,2.5],"texture":"#0"},"south":{"uv":[12,0,13,2.5],"texture":"#0"},"west":{"uv":[8,2.5,11,5],"texture":"#0"},"up":{"uv":[1,14,0,11],"texture":"#0"},"down":{"uv":[12,0,11,3],"texture":"#0"}}},{"from":[7,8,2],"to":[10,11,12],"rotation":{"angle":22.5,"axis":"z","origin":[0,0,0]},"faces":{"north":{"uv":[11,3,12.5,4.5],"texture":"#0"},"east":{"uv":[8,5,13,6.5],"texture":"#0"},"south":{"uv":[12,4.5,13.5,6],"texture":"#0"},"west":{"uv":[8,6.5,13,8],"texture":"#0"},"up":{"uv":[9.5,13,8,8],"texture":"#0"},"down":{"uv":[5.5,9.5,4,14.5],"texture":"#0"}}},{"from":[5,1,11],"to":[7,6,12],"faces":{"north":{"uv":[3,11,4,13.5],"texture":"#0"},"east":{"uv":[13,0,13.5,2.5],"texture":"#0"},"south":{"uv":[11.5,8,12.5,10.5],"texture":"#0"},"west":{"uv":[9.5,13,10,15.5],"texture":"#0"},"up":{"uv":[12.5,13.5,11.5,13],"texture":"#0"},"down":{"uv":[14.5,1,13.5,1.5],"texture":"#0"}}},{"from":[4,0,12],"to":[7,9,13],"rotation":{"angle":0,"axis":"y","origin":[-1,4,10]},"faces":{"north":{"uv":[0,0,3,9],"texture":"#1"},"east":{"uv":[6,4,7,13],"texture":"#1"},"south":{"uv":[3,0,6,9],"texture":"#1"},"west":{"uv":[7,4,8,13],"texture":"#1"},"up":{"uv":[11,7,8,6],"texture":"#1"},"down":{"uv":[11,7,8,8],"texture":"#1"}}},{"from":[5,-1,12],"to":[6,0,13],"rotation":{"angle":0,"axis":"y","origin":[-1,4,10]},"faces":{"north":{"uv":[8,10,9,11],"texture":"#1"},"east":{"uv":[9,10,10,11],"texture":"#1"},"south":{"uv":[10,10,11,11],"texture":"#1"},"west":{"uv":[11,0,12,1],"texture":"#1"},"up":{"uv":[12,2,11,1],"texture":"#1"},"down":{"uv":[12,2,11,3],"texture":"#1"}}},{"from":[3,9,12],"to":[8,11,13],"rotation":{"angle":0,"axis":"y","origin":[-1,4,10]},"faces":{"north":{"uv":[6,0,11,2],"texture":"#1"},"east":{"uv":[0,10,1,12],"texture":"#1"},"south":{"uv":[6,2,11,4],"texture":"#1"},"west":{"uv":[1,10,2,12],"texture":"#1"},"up":{"uv":[13,5,8,4],"texture":"#1"},"down":{"uv":[13,5,8,6],"texture":"#1"}}},{"from":[5,11,12],"to":[6,13,13],"rotation":{"angle":0,"axis":"y","origin":[-1,4,10]},"faces":{"north":{"uv":[2,10,3,12],"texture":"#1"},"east":{"uv":[3,10,4,12],"texture":"#1"},"south":{"uv":[4,10,5,12],"texture":"#1"},"west":{"uv":[5,10,6,12],"texture":"#1"},"up":{"uv":[12,4,11,3],"texture":"#1"},"down":{"uv":[12,6,11,7],"texture":"#1"}}},{"from":[4,13,12],"to":[7,14,13],"rotation":{"angle":0,"axis":"y","origin":[-1,4,10]},"faces":{"north":{"uv":[8,8,11,9],"texture":"#1"},"east":{"uv":[11,7,12,8],"texture":"#1"},"south":{"uv":[0,9,3,10],"texture":"#1"},"west":{"uv":[8,11,9,12],"texture":"#1"},"up":{"uv":[6,10,3,9],"texture":"#1"},"down":{"uv":[11,9,8,10],"texture":"#1"}}},{"from":[2,1,2],"to":[4,4,5],"rotation":{"angle":-22.5,"axis":"y","origin":[0,1,0]},"faces":{"north":{"uv":[3,0,5,3],"texture":"#2"},"east":{"uv":[0,0,3,3],"texture":"#2"},"south":{"uv":[3,3,5,6],"texture":"#2"},"west":{"uv":[0,3,3,6],"texture":"#2"},"up":{"uv":[7,3,5,0],"texture":"#2"},"down":{"uv":[7,3,5,6],"texture":"#2"}}},{"from":[2,4,3],"to":[4,5,4],"rotation":{"angle":-22.5,"axis":"y","origin":[0,1,0]},"faces":{"north":{"uv":[7,1,9,2],"texture":"#2"},"east":{"uv":[6,7,7,8],"texture":"#2"},"south":{"uv":[7,2,9,3],"texture":"#2"},"west":{"uv":[7,6,8,7],"texture":"#2"},"up":{"uv":[9,4,7,3],"texture":"#2"},"down":{"uv":[6,7,4,8],"texture":"#2"}}},{"from":[2,5,2],"to":[4,6,5],"rotation":{"angle":-22.5,"axis":"y","origin":[0,1,0]},"faces":{"north":{"uv":[7,4,9,5],"texture":"#2"},"east":{"uv":[4,6,7,7],"texture":"#2"},"south":{"uv":[7,5,9,6],"texture":"#2"},"west":{"uv":[7,0,10,1],"texture":"#2"},"up":{"uv":[2,9,0,6],"texture":"#2"},"down":{"uv":[4,6,2,9],"texture":"#2"}}},{"from":[1,0,8],"to":[3,3,11],"rotation":{"angle":22.5,"axis":"z","origin":[0,1,0]},"faces":{"north":{"uv":[3,0,5,3],"texture":"#2"},"east":{"uv":[0,0,3,3],"texture":"#2"},"south":{"uv":[3,3,5,6],"texture":"#2"},"west":{"uv":[0,3,3,6],"texture":"#2"},"up":{"uv":[7,3,5,0],"texture":"#2"},"down":{"uv":[7,3,5,6],"texture":"#2"}}},{"from":[1,3,9],"to":[3,4,10],"rotation":{"angle":22.5,"axis":"z","origin":[0,1,0]},"faces":{"north":{"uv":[7,1,9,2],"texture":"#2"},"east":{"uv":[6,7,7,8],"texture":"#2"},"south":{"uv":[7,2,9,3],"texture":"#2"},"west":{"uv":[7,6,8,7],"texture":"#2"},"up":{"uv":[9,4,7,3],"texture":"#2"},"down":{"uv":[6,7,4,8],"texture":"#2"}}},{"from":[1,4,8],"to":[3,5,11],"rotation":{"angle":22.5,"axis":"z","origin":[0,1,0]},"faces":{"north":{"uv":[7,4,9,5],"texture":"#2"},"east":{"uv":[4,6,7,7],"texture":"#2"},"south":{"uv":[7,5,9,6],"texture":"#2"},"west":{"uv":[7,0,10,1],"texture":"#2"},"up":{"uv":[2,9,0,6],"texture":"#2"},"down":{"uv":[4,6,2,9],"texture":"#2"}}}],"display":{"thirdperson_righthand":{"rotation":[40,-90,0],"translation":[-2,3.25,3.5]},"thirdperson_lefthand":{"rotation":[40,90,0],"translation":[0.25,3.25,3.5]},"firstperson_righthand":{"rotation":[0,-126,0],"translation":[0,0,-4.25],"scale":[1.2,1.2,1.2]},"firstperson_lefthand":{"rotation":[0,60,0],"translation":[0,-0.25,-2.75],"scale":[1.2,1.2,1.2]},"ground":{"translation":[0,4,0]},"gui":{"rotation":[15,60,0],"translation":[1.75,2,0]},"fixed":{"rotation":[0,-90,0],"translation":[-2.25,2,0.25],"scale":[2,2,2]}},"groups":[{"name":"body","origin":[0,0,0],"color":0,"children":[0,1,2,3,4]},{"name":"sword","origin":[0,0,0],"color":0,"children":[5,6,7,8,9]},{"name":"potion","origin":[8,8,8],"color":0,"children":[10,11,12]},{"name":"potion","origin":[8,8,8],"color":0,"children":[13,14,15]}]}