{
	"credit": "Made with Blockbench",
	"texture_size": [64, 32],
	"textures": {
		"0": "custom/models/skeleton"
	},
	"elements": [
		{
			"name": "head",
			"from": [4, 0, 6],
			"to": [12, 8, 14],
			"rotation": {"angle": 0, "axis": "y", "origin": [8, -7, 10]},
			"faces": {
				"north": {"uv": [2, 4, 4, 8], "texture": "#0"},
				"east": {"uv": [0, 4, 2, 8], "texture": "#0"},
				"south": {"uv": [6, 4, 8, 8], "texture": "#0"},
				"west": {"uv": [4, 4, 6, 8], "texture": "#0"},
				"up": {"uv": [4, 4, 2, 0], "texture": "#0"},
				"down": {"uv": [6, 0, 4, 4], "texture": "#0"}
			}
		},
		{
			"name": "right_arm",
			"from": [14, 0, 0],
			"to": [16, 2, 6],
			"rotation": {"angle": 45, "axis": "y", "origin": [15, 1, 6]},
			"faces": {
				"north": {"uv": [11.5, 8, 11, 9], "rotation": 180, "texture": "#0"},
				"east": {"uv": [10, 9, 10.5, 12], "rotation": 270, "texture": "#0"},
				"south": {"uv": [11, 9, 10.5, 8], "texture": "#0"},
				"west": {"uv": [11, 9, 11.5, 12], "rotation": 90, "texture": "#0"},
				"up": {"uv": [10.5, 9, 11, 12], "rotation": 180, "texture": "#0"},
				"down": {"uv": [11.5, 9, 12, 12], "texture": "#0"}
			}
		},
		{
			"name": "left_arm",
			"from": [1, 0, 3],
			"to": [8, 2, 5],
			"rotation": {"angle": -22.5, "axis": "y", "origin": [8, 1, 4]},
			"faces": {
				"north": {"uv": [11.5, 9, 11, 12.5], "rotation": 270, "texture": "#0"},
				"east": {"uv": [10.5, 9, 11, 8], "texture": "#0"},
				"south": {"uv": [10.5, 9, 10, 12.5], "rotation": 90, "texture": "#0"},
				"west": {"uv": [11, 8, 11.5, 9], "rotation": 180, "texture": "#0"},
				"up": {"uv": [11, 9, 10.5, 12.5], "rotation": 90, "texture": "#0"},
				"down": {"uv": [12, 9, 11.5, 12.5], "rotation": 90, "texture": "#0"}
			}
		}
	],
	"display": {
		"head": {
			"translation": [0, -31, 0],
			"scale": [1.5, 1.5, 1.5]
		}
	},
	"groups": [
		{
			"name": "group",
			"origin": [8, 24, 8],
			"color": 0,
			"children": [0, 1, 2]
		}
	]
}