{
	"credit": "Made with Blockbench",
	"texture_size": [64, 32],
	"textures": {
		"0": "custom/models/skeleton",
		"1": "custom/items/golden_skull",
		"particle": "custom/items/golden_skull"
	},
	"elements": [
		{
			"from": [4, 14, 11],
			"to": [12, 22, 18],
			"rotation": {"angle": 0, "axis": "x", "origin": [4, 14, 11]},
			"faces": {
				"north": {"uv": [0, 0, 4, 4], "texture": "#1"},
				"east": {"uv": [4, 0, 7.5, 4], "texture": "#1"},
				"south": {"uv": [0, 4, 4, 8], "texture": "#1"},
				"west": {"uv": [4, 4, 7.5, 8], "texture": "#1"},
				"up": {"uv": [11.5, 3.5, 7.5, 0], "texture": "#1"},
				"down": {"uv": [11.5, 3.5, 7.5, 7], "texture": "#1"}
			}
		},
		{
			"from": [11, 16, 10],
			"to": [12, 22, 11],
			"rotation": {"angle": 0, "axis": "x", "origin": [4, 14, 9]},
			"faces": {
				"north": {"uv": [6, 9, 6.5, 12], "texture": "#1"},
				"east": {"uv": [6.5, 9, 7, 12], "texture": "#1"},
				"south": {"uv": [7, 9, 7.5, 12], "texture": "#1"},
				"west": {"uv": [7.5, 9, 8, 12], "texture": "#1"},
				"up": {"uv": [7.5, 8.5, 7, 8], "texture": "#1"},
				"down": {"uv": [4, 10.5, 3.5, 11], "texture": "#1"}
			}
		},
		{
			"from": [4, 16, 10],
			"to": [5, 22, 11],
			"rotation": {"angle": 0, "axis": "x", "origin": [-3, 14, 9]},
			"faces": {
				"north": {"uv": [8, 9, 8.5, 12], "texture": "#1"},
				"east": {"uv": [8.5, 9, 9, 12], "texture": "#1"},
				"south": {"uv": [9, 9, 9.5, 12], "texture": "#1"},
				"west": {"uv": [0, 9.5, 0.5, 12.5], "texture": "#1"},
				"up": {"uv": [10, 11, 9.5, 10.5], "texture": "#1"},
				"down": {"uv": [11, 9.5, 10.5, 10], "texture": "#1"}
			}
		},
		{
			"from": [5, 19, 10],
			"to": [11, 22, 11],
			"rotation": {"angle": 0, "axis": "x", "origin": [-2, 14, 9]},
			"faces": {
				"north": {"uv": [7.5, 7, 10.5, 8.5], "texture": "#1"},
				"east": {"uv": [5.5, 9.5, 6, 11], "texture": "#1"},
				"south": {"uv": [0, 8, 3, 9.5], "texture": "#1"},
				"west": {"uv": [0.5, 10, 1, 11.5], "texture": "#1"},
				"up": {"uv": [10, 9, 7, 8.5], "texture": "#1"},
				"down": {"uv": [6, 9, 3, 9.5], "texture": "#1"}
			}
		},
		{
			"from": [5, 16, 10],
			"to": [7, 17, 11],
			"rotation": {"angle": 0, "axis": "x", "origin": [-2, 11, 9]},
			"faces": {
				"north": {"uv": [2, 10, 3, 10.5], "texture": "#1"},
				"east": {"uv": [10, 10.5, 10.5, 11], "texture": "#1"},
				"south": {"uv": [3, 10, 4, 10.5], "texture": "#1"},
				"west": {"uv": [10.5, 10, 11, 10.5], "texture": "#1"},
				"up": {"uv": [11, 9, 10, 8.5], "texture": "#1"},
				"down": {"uv": [10.5, 10, 9.5, 10.5], "texture": "#1"}
			}
		},
		{
			"from": [9, 16, 10],
			"to": [11, 17, 11],
			"rotation": {"angle": 0, "axis": "x", "origin": [2, 11, 9]},
			"faces": {
				"north": {"uv": [10.5, 7, 11.5, 7.5], "texture": "#1"},
				"east": {"uv": [10.5, 10.5, 11, 11], "texture": "#1"},
				"south": {"uv": [10.5, 7.5, 11.5, 8], "texture": "#1"},
				"west": {"uv": [1, 11, 1.5, 11.5], "texture": "#1"},
				"up": {"uv": [11.5, 8.5, 10.5, 8], "texture": "#1"},
				"down": {"uv": [11.5, 9, 10.5, 9.5], "texture": "#1"}
			}
		},
		{
			"from": [7, 17, 10],
			"to": [9, 19, 11],
			"rotation": {"angle": 0, "axis": "x", "origin": [-2, 12, 9]},
			"faces": {
				"north": {"uv": [4.5, 9.5, 5.5, 10.5], "texture": "#1"},
				"east": {"uv": [4, 10, 4.5, 11], "texture": "#1"},
				"south": {"uv": [9.5, 9, 10.5, 10], "texture": "#1"},
				"west": {"uv": [2, 10.5, 2.5, 11.5], "texture": "#1"},
				"up": {"uv": [3.5, 11, 2.5, 10.5], "texture": "#1"},
				"down": {"uv": [5.5, 10.5, 4.5, 11], "texture": "#1"}
			}
		},
		{
			"from": [6, 14, 10],
			"to": [10, 16, 11],
			"rotation": {"angle": 0, "axis": "x", "origin": [4, 12, 9]},
			"faces": {
				"north": {"uv": [3, 8, 5, 9], "texture": "#1"},
				"east": {"uv": [1, 10, 1.5, 11], "texture": "#1"},
				"south": {"uv": [5, 8, 7, 9], "texture": "#1"},
				"west": {"uv": [1.5, 10, 2, 11], "texture": "#1"},
				"up": {"uv": [2.5, 10, 0.5, 9.5], "texture": "#1"},
				"down": {"uv": [4.5, 9.5, 2.5, 10], "texture": "#1"}
			}
		},
		{
			"name": "body",
			"from": [4, 2, 12],
			"to": [12, 14, 16],
			"rotation": {"angle": 0, "axis": "y", "origin": [8, 7, 14]},
			"faces": {
				"north": {"uv": [5, 10, 7, 16], "texture": "#0"},
				"east": {"uv": [4, 10, 5, 16], "texture": "#0"},
				"south": {"uv": [8, 10, 10, 16], "texture": "#0"},
				"west": {"uv": [7, 10, 8, 16], "texture": "#0"},
				"up": {"uv": [7, 10, 5, 8], "texture": "#0"},
				"down": {"uv": [9, 8, 7, 10], "texture": "#0"}
			}
		},
		{
			"name": "left_arm",
			"from": [2, 2, 13],
			"to": [4, 14, 15],
			"rotation": {"angle": 0, "axis": "y", "origin": [8, 7, 14]},
			"faces": {
				"north": {"uv": [11, 9, 10.5, 15], "texture": "#0"},
				"east": {"uv": [11.5, 9, 11, 15], "texture": "#0"},
				"south": {"uv": [12, 9, 11.5, 15], "texture": "#0"},
				"west": {"uv": [10.5, 9, 10, 15], "texture": "#0"},
				"up": {"uv": [10.5, 9, 11, 8], "texture": "#0"},
				"down": {"uv": [11, 8, 11.5, 9], "texture": "#0"}
			}
		},
		{
			"name": "right_arm",
			"from": [12, 2, 13],
			"to": [14, 14, 15],
			"rotation": {"angle": 0, "axis": "y", "origin": [8, 7, 14]},
			"faces": {
				"north": {"uv": [10.5, 9, 11, 15], "texture": "#0"},
				"east": {"uv": [10, 9, 10.5, 15], "texture": "#0"},
				"south": {"uv": [11.5, 9, 12, 15], "texture": "#0"},
				"west": {"uv": [11, 9, 11.5, 15], "texture": "#0"},
				"up": {"uv": [11, 9, 10.5, 8], "texture": "#0"},
				"down": {"uv": [11.5, 8, 11, 9], "texture": "#0"}
			}
		},
		{
			"name": "left_leg",
			"from": [5, 0, 1],
			"to": [7, 2, 13],
			"rotation": {"angle": 22.5, "axis": "y", "origin": [8, 1, 13]},
			"faces": {
				"north": {"uv": [1, 8, 1.5, 9], "rotation": 180, "texture": "#0"},
				"east": {"uv": [1.5, 9, 1, 15], "rotation": 270, "texture": "#0"},
				"south": {"uv": [0.5, 9, 1, 8], "texture": "#0"},
				"west": {"uv": [0.5, 9, 0, 15], "rotation": 90, "texture": "#0"},
				"up": {"uv": [1, 9, 0.5, 15], "rotation": 180, "texture": "#0"},
				"down": {"uv": [2, 9, 1.5, 15], "texture": "#0"}
			}
		},
		{
			"name": "right_leg",
			"from": [9, 0, 1],
			"to": [11, 2, 13],
			"rotation": {"angle": 0, "axis": "y", "origin": [8, 1, 13]},
			"faces": {
				"north": {"uv": [1.5, 8, 1, 9], "rotation": 180, "texture": "#0"},
				"east": {"uv": [0, 9, 0.5, 15], "rotation": 270, "texture": "#0"},
				"south": {"uv": [1, 9, 0.5, 8], "texture": "#0"},
				"west": {"uv": [1, 9, 1.5, 15], "rotation": 90, "texture": "#0"},
				"up": {"uv": [0.5, 9, 1, 15], "rotation": 180, "texture": "#0"},
				"down": {"uv": [1.5, 9, 2, 15], "texture": "#0"}
			}
		}
	],
	"display": {
		"head": {
			"translation": [0, -31, -1.25],
			"scale": [1.5, 1.5, 1.5]
		}
	},
	"groups": [
		{
			"name": "group",
			"origin": [8, 24, 8],
			"color": 0,
			"children": [
				{
					"name": "skull",
					"origin": [0, -2, -1],
					"color": 0,
					"children": [0, 1, 2, 3, 4, 5, 6, 7]
				},
				{
					"name": "body",
					"origin": [8, 24, 8],
					"color": 0,
					"children": [8]
				},
				{
					"name": "left_arm",
					"origin": [3, 22, 8],
					"color": 0,
					"children": [9]
				},
				{
					"name": "right_arm",
					"origin": [13, 22, 8],
					"color": 0,
					"children": [10]
				},
				{
					"name": "left_leg",
					"origin": [6, 12, 8.1],
					"color": 0,
					"children": [11]
				},
				{
					"name": "right_leg",
					"origin": [10, 12, 8.1],
					"color": 0,
					"children": [12]
				}
			]
		}
	]
}