{"credit":"Made with Blockbench","texture_size":[256,256],"textures":{"1":"custom/items/egyptian_boss"},"elements":[{"name":"bone13","from":[7,-0.48983,6.45782],"to":[32,5.51017,9.45782],"rotation":{"angle":0,"axis":"y","origin":[8,0,8]},"faces":{"north":{"uv":[5.125,0.1875,6.6875,0.5625],"texture":"#1"},"east":{"uv":[4.9375,0.1875,5.125,0.5625],"texture":"#1"},"south":{"uv":[6.875,0.1875,8.4375,0.5625],"texture":"#1"},"west":{"uv":[6.6875,0.1875,6.875,0.5625],"texture":"#1"},"up":{"uv":[6.6875,0.1875,5.125,0],"texture":"#1"},"down":{"uv":[8.25,0,6.6875,0.1875],"texture":"#1"}}},{"name":"bone14","from":[-16,0.83951,6.45782],"to":[4,6.83951,9.45782],"rotation":{"angle":0,"axis":"y","origin":[17.45556,10.7111,-40.42223]},"faces":{"north":{"uv":[6.5625,12.5625,7.8125,12.9375],"texture":"#1"},"east":{"uv":[6.375,12.5625,6.5625,12.9375],"texture":"#1"},"south":{"uv":[8,12.5625,9.25,12.9375],"texture":"#1"},"west":{"uv":[7.8125,12.5625,8,12.9375],"texture":"#1"},"up":{"uv":[7.8125,12.5625,6.5625,12.375],"texture":"#1"},"down":{"uv":[9.0625,12.375,7.8125,12.5625],"texture":"#1"}}},{"name":"bone15","from":[-15.63187,-15.16049,6.45782],"to":[-9.63187,0.83951,9.45782],"rotation":{"angle":0,"axis":"y","origin":[17.45556,10.7111,-40.42223]},"faces":{"north":{"uv":[7.375,13.125,7.75,14.125],"texture":"#1"},"east":{"uv":[7.1875,13.125,7.375,14.125],"texture":"#1"},"south":{"uv":[7.9375,13.125,8.3125,14.125],"texture":"#1"},"west":{"uv":[7.75,13.125,7.9375,14.125],"texture":"#1"},"up":{"uv":[7.75,13.125,7.375,12.9375],"texture":"#1"},"down":{"uv":[8.125,12.9375,7.75,13.125],"texture":"#1"}}},{"name":"bone16","from":[-9.63187,-15.16049,6.45782],"to":[3.36813,-9.16049,9.45782],"rotation":{"angle":0,"axis":"y","origin":[17.45556,10.7111,-40.42223]},"faces":{"north":{"uv":[3.9375,6.3125,4.75,6.6875],"texture":"#1"},"east":{"uv":[3.75,6.3125,3.9375,6.6875],"texture":"#1"},"south":{"uv":[4.9375,6.3125,5.75,6.6875],"texture":"#1"},"west":{"uv":[4.75,6.3125,4.9375,6.6875],"texture":"#1"},"up":{"uv":[4.75,6.3125,3.9375,6.125],"texture":"#1"},"down":{"uv":[5.5625,6.125,4.75,6.3125],"texture":"#1"}}},{"name":"bone17","from":[0.36813,-9.16049,6.45782],"to":[3.36813,-3.16049,9.45782],"rotation":{"angle":0,"axis":"y","origin":[17.45556,10.7111,-40.42223]},"faces":{"north":{"uv":[0.1875,0.1875,0.375,0.5625],"texture":"#1"},"east":{"uv":[0,0.1875,0.1875,0.5625],"texture":"#1"},"south":{"uv":[0.5625,0.1875,0.75,0.5625],"texture":"#1"},"west":{"uv":[0.375,0.1875,0.5625,0.5625],"texture":"#1"},"up":{"uv":[0.375,0.1875,0.1875,0],"texture":"#1"},"down":{"uv":[0.5625,0,0.375,0.1875],"texture":"#1"}}},{"name":"bone18","from":[-2.63187,-4.56049,6.45782],"to":[0.36813,-3.16049,9.45782],"rotation":{"angle":0,"axis":"y","origin":[17.45556,10.7111,-40.42223]},"faces":{"north":{"uv":[0.1875,0.75,0.375,0.8125],"texture":"#1"},"east":{"uv":[0,0.75,0.1875,0.8125],"texture":"#1"},"south":{"uv":[0.5625,0.75,0.75,0.8125],"texture":"#1"},"west":{"uv":[0.375,0.75,0.5625,0.8125],"texture":"#1"},"up":{"uv":[0.375,0.75,0.1875,0.5625],"texture":"#1"},"down":{"uv":[0.5625,0.5625,0.375,0.75],"texture":"#1"}}},{"name":"bone15","from":[4,-1.48983,4.45782],"to":[7,6.51017,11.45782],"rotation":{"angle":0,"axis":"y","origin":[8,0,8]},"faces":{"north":{"uv":[13.25,13.3125,13.4375,13.8125],"texture":"#1"},"east":{"uv":[12.8125,13.3125,13.25,13.8125],"texture":"#1"},"south":{"uv":[13.875,13.3125,14.0625,13.8125],"texture":"#1"},"west":{"uv":[13.4375,13.3125,13.875,13.8125],"texture":"#1"},"up":{"uv":[13.4375,13.3125,13.25,12.875],"texture":"#1"},"down":{"uv":[13.625,12.875,13.4375,13.3125],"texture":"#1"}}},{"name":"bone16","from":[12,-1.48983,4.45782],"to":[15,6.51017,11.45782],"rotation":{"angle":0,"axis":"y","origin":[8,0,8]},"faces":{"north":{"uv":[7.25,8.75,7.4375,9.25],"texture":"#1"},"east":{"uv":[6.8125,8.75,7.25,9.25],"texture":"#1"},"south":{"uv":[7.875,8.75,8.0625,9.25],"texture":"#1"},"west":{"uv":[7.4375,8.75,7.875,9.25],"texture":"#1"},"up":{"uv":[7.4375,8.75,7.25,8.3125],"texture":"#1"},"down":{"uv":[7.625,8.3125,7.4375,8.75],"texture":"#1"}}}],"gui_light":"front","display":{"thirdperson_righthand":{"rotation":[90,-90,0],"translation":[0,9.25,4.25],"scale":[0.4,0.4,0.4]},"thirdperson_lefthand":{"rotation":[90,90,0],"translation":[0,9.25,4.25],"scale":[0.4,0.4,0.4]},"firstperson_righthand":{"rotation":[90,-90,-20],"translation":[2,2,0],"scale":[0.5,0.5,0.5]},"firstperson_lefthand":{"rotation":[90,90,20],"translation":[2,2,0],"scale":[0.5,0.5,0.5]},"ground":{"rotation":[90,0,0],"translation":[0,0.25,0],"scale":[0.5,0.5,0.5]},"gui":{"rotation":[0,0,-135],"translation":[1.75,-3.25,0],"scale":[0.35,0.35,0.35]},"fixed":{"rotation":[0,0,-45],"translation":[6.25,2.5,-1],"scale":[0.7,0.7,0.7]}},"groups":[{"name":"right_hand","origin":[34.5,25.7111,1.83333],"color":0,"children":[0,1,2,3,4,5,6,7]}]}