{"display":{"thirdperson_righthand":{"rotation":[75,45,0],"translation":[0,2.5,0],"scale":[0.375,0.375,0.375]},"thirdperson_lefthand":{"rotation":[75,45,0],"translation":[0,2.5,0],"scale":[0.375,0.375,0.375]},"firstperson_righthand":{"rotation":[0,45,0],"scale":[0.4,0.4,0.4]},"firstperson_lefthand":{"rotation":[0,225,0],"scale":[0.4,0.4,0.4]},"ground":{"translation":[0,3,0],"scale":[0.25,0.25,0.25]},"gui":{"rotation":[30,225,0],"scale":[0.625,0.625,0.625]},"fixed":{"scale":[0.5,0.5,0.5]}},"parent":"block/block","textures":{"0":"block/jungle_leaves_bush1","1":"block/jungle_leaves","3":"block/jungle_leaves_bush1_dark"},"elements":[{"from":[0,0,0],"to":[16,16,16],"faces":{"north":{"uv":[0,0,16,16],"texture":"#1","cullface":"north","tintindex":0},"east":{"uv":[0,0,16,16],"texture":"#1","cullface":"east","tintindex":0},"south":{"uv":[0,0,16,16],"texture":"#1","cullface":"south","tintindex":0},"west":{"uv":[0,0,16,16],"texture":"#1","cullface":"west","tintindex":0},"up":{"uv":[0,0,16,16],"texture":"#1","cullface":"up","tintindex":0},"down":{"uv":[0,0,16,16],"texture":"#1","cullface":"down","tintindex":0}}},{"from":[7.92929,-8,0.07071],"to":[7.92929,0,16.07071],"shade":false,"rotation":{"angle":45,"axis":"y","origin":[8,8,8],"rescale":true},"faces":{"east":{"uv":[0,0,16,8],"texture":"#3","cullface":"down","tintindex":1},"west":{"uv":[0,0,16,8],"texture":"#3","cullface":"down","tintindex":1}}},{"from":[8,0,-8],"to":[8,16,0],"shade":false,"rotation":{"angle":45,"axis":"z","origin":[8,8,8],"rescale":true},"faces":{"east":{"uv":[0,0,16,8],"rotation":270,"texture":"#0","cullface":"north","tintindex":1},"west":{"uv":[0,0,16,8],"rotation":90,"texture":"#0","cullface":"north","tintindex":1}}},{"from":[16,0,8],"to":[24,16,8],"shade":false,"rotation":{"angle":-45,"axis":"x","origin":[8,8,8],"rescale":true},"faces":{"north":{"uv":[0,0,16,8],"rotation":90,"texture":"#3","cullface":"east","tintindex":1},"south":{"uv":[0,0,16,8],"rotation":270,"texture":"#3","cullface":"east","tintindex":1}}},{"from":[7.92929,16,0.07071],"to":[7.92929,24,16.07071],"shade":false,"rotation":{"angle":45,"axis":"y","origin":[8,8,8],"rescale":true},"faces":{"east":{"uv":[0,0,16,8],"rotation":180,"texture":"#0","cullface":"up","tintindex":1},"west":{"uv":[0,0,16,8],"rotation":180,"texture":"#0","cullface":"up","tintindex":1}}},{"from":[8,0,16],"to":[8,16,24],"shade":false,"rotation":{"angle":45,"axis":"z","origin":[8,8,8],"rescale":true},"faces":{"east":{"uv":[0,0,16,8],"rotation":90,"texture":"#0","cullface":"south","tintindex":1},"west":{"uv":[0,0,16,8],"rotation":270,"texture":"#0","cullface":"south","tintindex":1}}},{"from":[-8,0,8],"to":[0,16,8],"shade":false,"rotation":{"angle":-45,"axis":"x","origin":[8,8,8],"rescale":true},"faces":{"north":{"uv":[0,0,16,8],"rotation":270,"texture":"#3","cullface":"west","tintindex":1},"south":{"uv":[0,0,16,8],"rotation":90,"texture":"#3","cullface":"west","tintindex":1}}},{"from":[8.07071,-8,0.07071],"to":[8.07071,0,16.07071],"shade":false,"rotation":{"angle":-45,"axis":"y","origin":[8,8,8],"rescale":true},"faces":{"east":{"uv":[0,0,16,8],"texture":"#3","cullface":"down","tintindex":1},"west":{"uv":[0,0,16,8],"texture":"#3","cullface":"down","tintindex":1}}},{"from":[8,0,-8],"to":[8,16,0],"shade":false,"rotation":{"angle":-45,"axis":"z","origin":[8,8,8],"rescale":true},"faces":{"east":{"uv":[0,0,16,8],"rotation":270,"texture":"#0","cullface":"north","tintindex":1},"west":{"uv":[0,0,16,8],"rotation":90,"texture":"#0","cullface":"north","tintindex":1}}},{"from":[16,0,8],"to":[24,16,8],"shade":false,"rotation":{"angle":45,"axis":"x","origin":[8,8,8],"rescale":true},"faces":{"north":{"uv":[0,0,16,8],"rotation":90,"texture":"#3","cullface":"east","tintindex":1},"south":{"uv":[0,0,16,8],"rotation":270,"texture":"#3","cullface":"east","tintindex":1}}},{"from":[8.07071,16,0.07071],"to":[8.07071,24,16.07071],"shade":false,"rotation":{"angle":-45,"axis":"y","origin":[8,8,8],"rescale":true},"faces":{"east":{"uv":[0,0,16,8],"rotation":180,"texture":"#0","cullface":"up","tintindex":1},"west":{"uv":[0,0,16,8],"rotation":180,"texture":"#0","cullface":"up","tintindex":1}}},{"from":[8,0,16],"to":[8,16,24],"shade":false,"rotation":{"angle":-45,"axis":"z","origin":[8,8,8],"rescale":true},"faces":{"east":{"uv":[0,0,16,8],"rotation":90,"texture":"#0","cullface":"south","tintindex":1},"west":{"uv":[0,0,16,8],"rotation":270,"texture":"#0","cullface":"south","tintindex":1}}},{"from":[-8,0,8],"to":[0,16,8],"shade":false,"rotation":{"angle":45,"axis":"x","origin":[8,8,8],"rescale":true},"faces":{"north":{"uv":[0,0,16,8],"rotation":270,"texture":"#3","cullface":"west","tintindex":1},"south":{"uv":[0,0,16,8],"rotation":90,"texture":"#3","cullface":"west","tintindex":1}}}]}