{"credit":"Created by Stridey","parent":"block/block","textures":{"0":"#bush","1":"#all","2":"#bush_down","3":"#dark_bush","particle":"#all"},"elements":[{"from":[0,0,0],"to":[16,16,16],"faces":{"north":{"uv":[0,0,16,16],"texture":"#1","cullface":"north"},"east":{"uv":[0,0,16,16],"texture":"#1","cullface":"east"},"south":{"uv":[0,0,16,16],"texture":"#1","cullface":"south"},"west":{"uv":[0,0,16,16],"texture":"#1","cullface":"west"},"up":{"uv":[0,0,16,16],"texture":"#1","cullface":"up"},"down":{"uv":[0,0,16,16],"texture":"#1","cullface":"down"}}},{"from":[8.07071,-16,0.07071],"to":[8.07071,0,16.07071],"shade":false,"rotation":{"angle":45,"axis":"y","origin":[8,8,8],"rescale":true},"faces":{"east":{"uv":[0,0,16,16],"texture":"#2","cullface":"down"},"west":{"uv":[0,0,16,16],"texture":"#2","cullface":"down"}}},{"from":[8,0,-8],"to":[8,16,0],"shade":false,"rotation":{"angle":45,"axis":"z","origin":[8,8,8],"rescale":true},"faces":{"east":{"uv":[0,0,16,8],"rotation":270,"texture":"#0","cullface":"north"},"west":{"uv":[0,0,16,8],"rotation":90,"texture":"#0","cullface":"north"}}},{"from":[16,0,8],"to":[24,16,8],"shade":false,"rotation":{"angle":-45,"axis":"x","origin":[8,8,8],"rescale":true},"faces":{"north":{"uv":[0,0,16,8],"rotation":90,"texture":"#3","cullface":"east"},"south":{"uv":[0,0,16,8],"rotation":270,"texture":"#3","cullface":"east"}}},{"from":[8.07071,16,0.07071],"to":[8.07071,24,16.07071],"shade":false,"rotation":{"angle":45,"axis":"y","origin":[8,8,8],"rescale":true},"faces":{"east":{"uv":[0,0,16,8],"rotation":180,"texture":"#0","cullface":"up"},"west":{"uv":[0,0,16,8],"rotation":180,"texture":"#0","cullface":"up"}}},{"from":[8,0,16],"to":[8,16,24],"shade":false,"rotation":{"angle":45,"axis":"z","origin":[8,8,8],"rescale":true},"faces":{"east":{"uv":[0,0,16,8],"rotation":90,"texture":"#0","cullface":"south"},"west":{"uv":[0,0,16,8],"rotation":270,"texture":"#0","cullface":"south"}}},{"from":[-8,0,8],"to":[0,16,8],"shade":false,"rotation":{"angle":-45,"axis":"x","origin":[8,8,8],"rescale":true},"faces":{"north":{"uv":[0,0,16,8],"rotation":270,"texture":"#3","cullface":"west"},"south":{"uv":[0,0,16,8],"rotation":90,"texture":"#3","cullface":"west"}}},{"from":[8.07071,-8,-0.07071],"to":[8.07071,0,15.92929],"shade":false,"rotation":{"angle":-45,"axis":"y","origin":[8,8,8],"rescale":true},"faces":{"east":{"uv":[0,0,16,8],"texture":"#3","cullface":"down"},"west":{"uv":[0,0,16,8],"texture":"#3","cullface":"down"}}},{"from":[8,0,-8],"to":[8,16,0],"shade":false,"rotation":{"angle":-45,"axis":"z","origin":[8,8,8],"rescale":true},"faces":{"east":{"uv":[0,0,16,8],"rotation":270,"texture":"#0","cullface":"north"},"west":{"uv":[0,0,16,8],"rotation":90,"texture":"#0","cullface":"north"}}},{"from":[16,0,8],"to":[24,16,8],"shade":false,"rotation":{"angle":45,"axis":"x","origin":[8,8,8],"rescale":true},"faces":{"north":{"uv":[0,0,16,8],"rotation":90,"texture":"#3","cullface":"east"},"south":{"uv":[0,0,16,8],"rotation":270,"texture":"#3","cullface":"east"}}},{"from":[8.07071,16,-0.07071],"to":[8.07071,24,15.92929],"shade":false,"rotation":{"angle":-45,"axis":"y","origin":[8,8,8],"rescale":true},"faces":{"east":{"uv":[0,0,16,8],"rotation":180,"texture":"#0","cullface":"up"},"west":{"uv":[0,0,16,8],"rotation":180,"texture":"#0","cullface":"up"}}},{"from":[8,0,16],"to":[8,16,24],"shade":false,"rotation":{"angle":-45,"axis":"z","origin":[8,8,8],"rescale":true},"faces":{"east":{"uv":[0,0,16,8],"rotation":90,"texture":"#0","cullface":"south"},"west":{"uv":[0,0,16,8],"rotation":270,"texture":"#0","cullface":"south"}}},{"from":[-8,0,8],"to":[0,16,8],"shade":false,"rotation":{"angle":45,"axis":"x","origin":[8,8,8],"rescale":true},"faces":{"north":{"uv":[0,0,16,8],"rotation":270,"texture":"#3","cullface":"west"},"south":{"uv":[0,0,16,8],"rotation":90,"texture":"#3","cullface":"west"}}}]}