{"credit":"Created by Stridey","parent":"block/block","textures":{"0":"#bush","1":"#all","3":"#dark_bush","particle":"#all"},"elements":[{"from":[0,0,0],"to":[16,16,16],"faces":{"north":{"uv":[0,0,16,16],"texture":"#1","cullface":"north"},"east":{"uv":[0,0,16,16],"texture":"#1","cullface":"east"},"south":{"uv":[0,0,16,16],"texture":"#1","cullface":"south"},"west":{"uv":[0,0,16,16],"texture":"#1","cullface":"west"},"up":{"uv":[0,0,16,16],"texture":"#1","cullface":"up"},"down":{"uv":[0,0,16,16],"texture":"#1","cullface":"down"}}},{"from":[0,-8,8],"to":[16,0,8],"shade":false,"rotation":{"angle":22.5,"axis":"y","origin":[8,8,8],"rescale":true},"faces":{"north":{"uv":[0,0,16,8],"texture":"#3","cullface":"down"},"south":{"uv":[0,0,16,8],"texture":"#3","cullface":"down"}}},{"from":[0,8,-8],"to":[16,8,0],"shade":false,"rotation":{"angle":22.5,"axis":"z","origin":[8,8,8],"rescale":true},"faces":{"up":{"uv":[0,0,16,8],"rotation":180,"texture":"#0","cullface":"north"},"down":{"uv":[0,0,16,8],"texture":"#0","cullface":"north"}}},{"from":[16,0,8],"to":[24,16,8],"shade":false,"rotation":{"angle":-22.5,"axis":"x","origin":[8,8,8],"rescale":true},"faces":{"north":{"uv":[0,0,16,8],"rotation":90,"texture":"#3","cullface":"east"},"south":{"uv":[0,0,16,8],"rotation":270,"texture":"#3","cullface":"east"}}},{"from":[0,16,8],"to":[16,24,8],"shade":false,"rotation":{"angle":22.5,"axis":"y","origin":[8,8,8],"rescale":true},"faces":{"north":{"uv":[0,0,16,8],"rotation":180,"texture":"#0","cullface":"up"},"south":{"uv":[0,0,16,8],"rotation":180,"texture":"#0","cullface":"up"}}},{"from":[0,8,16],"to":[16,8,24],"shade":false,"rotation":{"angle":22.5,"axis":"z","origin":[8,8,8],"rescale":true},"faces":{"up":{"uv":[0,0,16,8],"texture":"#0","cullface":"south"},"down":{"uv":[0,0,16,8],"rotation":180,"texture":"#0","cullface":"south"}}},{"from":[-8,0,8],"to":[0,16,8],"shade":false,"rotation":{"angle":-22.5,"axis":"x","origin":[8,8,8],"rescale":true},"faces":{"north":{"uv":[0,0,16,8],"rotation":270,"texture":"#3","cullface":"west"},"south":{"uv":[0,0,16,8],"rotation":90,"texture":"#3","cullface":"west"}}},{"from":[8,-8,0],"to":[8,0,16],"shade":false,"rotation":{"angle":22.5,"axis":"y","origin":[8,8,8],"rescale":true},"faces":{"east":{"uv":[0,0,16,8],"texture":"#3","cullface":"down"},"west":{"uv":[0,0,16,8],"texture":"#3","cullface":"down"}}},{"from":[8,0,-8],"to":[8,16,0],"shade":false,"rotation":{"angle":22.5,"axis":"z","origin":[8,8,8],"rescale":true},"faces":{"east":{"uv":[0,0,16,8],"rotation":270,"texture":"#0","cullface":"north"},"west":{"uv":[0,0,16,8],"rotation":90,"texture":"#0","cullface":"north"}}},{"from":[16,8,0],"to":[24,8,16],"shade":false,"rotation":{"angle":-22.5,"axis":"x","origin":[8,8,8],"rescale":true},"faces":{"up":{"uv":[0,0,16,8],"rotation":270,"texture":"#3","cullface":"east"},"down":{"uv":[0,0,16,8],"rotation":270,"texture":"#3","cullface":"east"}}},{"from":[8,16,0],"to":[8,24,16],"shade":false,"rotation":{"angle":22.5,"axis":"y","origin":[8,8,8],"rescale":true},"faces":{"east":{"uv":[0,0,16,8],"rotation":180,"texture":"#0","cullface":"up"},"west":{"uv":[0,0,16,8],"rotation":180,"texture":"#0","cullface":"up"}}},{"from":[8,0,16],"to":[8,16,24],"shade":false,"rotation":{"angle":22.5,"axis":"z","origin":[8,8,8],"rescale":true},"faces":{"east":{"uv":[0,0,16,8],"rotation":90,"texture":"#0","cullface":"south"},"west":{"uv":[0,0,16,8],"rotation":270,"texture":"#0","cullface":"south"}}},{"from":[-8,8,0],"to":[0,8,16],"shade":false,"rotation":{"angle":-22.5,"axis":"x","origin":[8,8,8],"rescale":true},"faces":{"up":{"uv":[0,0,16,8],"rotation":90,"texture":"#3","cullface":"west"},"down":{"uv":[0,0,16,8],"rotation":90,"texture":"#3","cullface":"west"}}}]}